wallet,signature,block_time,slot,status,category,confidence,sol_change,source,fee,reasons,program_ids,token_changes
55PB376nxsrBLTZr1UdQSk6M89AxPif6oKmbmZmWq5dr,HqYPH9JaDRFqZ3f8j57ex6ArJ5z7wAxcunJP9KR92eWMAX1433njJqikk3TwKHVgC55QTd2iwcj3KnayXMzj4a1,1777617973,416823854,Success,pump_buy,0.85,-0.584246653,solana_rpc,295025,matched Pump program id: 6EF8rrecthR5Dkzon8Nwu78hRvfCKubJ14M5uBEwF6P | wallet token balance changed | wallet SOL change: -0.584246653,11111111111111111111111111111111 | 6EF8rrecthR5Dkzon8Nwu78hRvfCKubJ14M5uBEwF6P | ComputeBudget111111111111111111111111111111 | EjJmdPATAPvkeF5H4MqWpeE6oRC3ZXJS54b33wE2XrH2 | TokenzQdBNbLqP5VEhdkAS6EPFLC1PHnBqCXEpPxuEb | pfeeUxB6jkeY1Hxd7CsFCAjcbHA9rWtchMGdZ6VojVZ | spl-token | system,"[{""amount"": 6755652371689, ""decimals"": 6, ""mint"": ""8uX3K3LPc5gZ2SNWaBw4ux2GqiwJB21Pmrnjbhh6pump"", ""symbol"": null}]"
55PB376nxsrBLTZr1UdQSk6M89AxPif6oKmbmZmWq5dr,3czEfMovBL6uFP3kSapiKhZrRpf2Wm8LnyEV1YN6jjqjCi99SPMXvHSPHJyFLnNQXiKU5BDuYPR39neEnCcn8UF,1777618306,416824699,Success,pump_buy,0.85,-0.533175803,solana_rpc,295025,matched Pump program id: 6EF8rrecthR5Dkzon8Nwu78hRvfCKubJ14M5uBEwF6P | wallet token balance changed | wallet SOL change: -0.533175803,11111111111111111111111111111111 | 6EF8rrecthR5Dkzon8Nwu78hRvfCKubJ14M5uBEwF6P | ComputeBudget111111111111111111111111111111 | EjJmdPATAPvkeF5H4MqWpeE6oRC3ZXJS54b33wE2XrH2 | TokenzQdBNbLqP5VEhdkAS6EPFLC1PHnBqCXEpPxuEb | pfeeUxB6jkeY1Hxd7CsFCAjcbHA9rWtchMGdZ6VojVZ | spl-token | system,"[{""amount"": 9614395111822, ""decimals"": 6, ""mint"": ""5xMNDZzuFvcoBjZraafkRZ3vPxAPYpXTL5dRjJQQpump"", ""symbol"": null}]"
55PB376nxsrBLTZr1UdQSk6M89AxPif6oKmbmZmWq5dr,4KBHjXNie8YiKwStixNqVR7JBQVPF4tBZtNAhvnRaa9JB2EFU3Uovb8qAAB3mp8rBbdE8NNYShxoxqaYab8tENC4,1777618331,416824762,Success,pump_buy,0.85,-0.597172761,solana_rpc,295025,matched Pump program id: 6EF8rrecthR5Dkzon8Nwu78hRvfCKubJ14M5uBEwF6P | wallet token balance changed | wallet SOL change: -0.597172761,11111111111111111111111111111111 | 6EF8rrecthR5Dkzon8Nwu78hRvfCKubJ14M5uBEwF6P | ComputeBudget111111111111111111111111111111 | EjJmdPATAPvkeF5H4MqWpeE6oRC3ZXJS54b33wE2XrH2 | TokenzQdBNbLqP5VEhdkAS6EPFLC1PHnBqCXEpPxuEb | pfeeUxB6jkeY1Hxd7CsFCAjcbHA9rWtchMGdZ6VojVZ | spl-token | system,"[{""amount"": 12159836111484, ""decimals"": 6, ""mint"": ""5xMNDZzuFvcoBjZraafkRZ3vPxAPYpXTL5dRjJQQpump"", ""symbol"": null}]"
55PB376nxsrBLTZr1UdQSk6M89AxPif6oKmbmZmWq5dr,2wdRbonZP4ZS8NsN5JWMPLBrmsFzFofPHVGSko6cLHHfsX5584s7S6k6gB2kViPsye4dCbwdQMfFmVj6hBHpEsjA,1777618546,416825301,Success,pump_buy,0.85,-0.497992504,solana_rpc,295025,matched Pump program id: 6EF8rrecthR5Dkzon8Nwu78hRvfCKubJ14M5uBEwF6P | wallet token balance changed | wallet SOL change: -0.497992504,11111111111111111111111111111111 | 6EF8rrecthR5Dkzon8Nwu78hRvfCKubJ14M5uBEwF6P | ComputeBudget111111111111111111111111111111 | EjJmdPATAPvkeF5H4MqWpeE6oRC3ZXJS54b33wE2XrH2 | TokenzQdBNbLqP5VEhdkAS6EPFLC1PHnBqCXEpPxuEb | pfeeUxB6jkeY1Hxd7CsFCAjcbHA9rWtchMGdZ6VojVZ | spl-token | system,"[{""amount"": 8527235746941, ""decimals"": 6, ""mint"": ""5vxbQPg7h3aNTjS1NigbW19pQgU3EYKtasrnBz8Kpump"", ""symbol"": null}]"
55PB376nxsrBLTZr1UdQSk6M89AxPif6oKmbmZmWq5dr,46oseHMbvVdqUwbrbrHR8QzLXQv2SHBRLc4ovHnAxgNzsS3eFFReFF72tv6i4rfcV6ktbEvtQvShgDSLfi3cAQxx,1777604858,416790606,Success,pump_buy,0.85,-0.509542797,solana_rpc,295025,matched Pump program id: EjJmdPATAPvkeF5H4MqWpeE6oRC3ZXJS54b33wE2XrH2 | wallet token balance changed | wallet SOL change: -0.509542797,11111111111111111111111111111111 | 3ZaiTZtGcfAqw4K7uXJMaz1efhfpfAcMjYr17ubHnF99 | 3gyLcQPLsXtDBPxULxHpYY3DSBGyQBped8uzBEPza8Lr | 4GNDtzzR3idNttBbC8bFLpRkD7kWdVKgyrrvwTdwUuHK | 4iUgjMT8q2hNZnLuhpqZ1QtiV8deFPy2ajvvjEpKKgsS | 4wTV1YmiEkRvAtNtsSGPtUrqRYQMe5SKy2uB4Jjaxnjf | 55PB376nxsrBLTZr1UdQSk6M89AxPif6oKmbmZmWq5dr | 5cjcW9wExnJJiqgLjq7DEG75Pm6JBgE1hNv4B2vHXUW6 | 6EF8rrecthR5Dkzon8Nwu78hRvfCKubJ14M5uBEwF6P | 6KdvH5z6jEYaKHGE6swJ9UawGx8ujmxPPT9SBnYZUEb2 | 6U8LkK62UEWcVAEMaGmC59AfxC17aBgDrHdUymHwpump | 7RKtfATWCe98ChuwecNq8XCzAzfoK3DtZTprFsPMGtio | 8Wf5TiAheLUqBrKXeYg2JtAFFMWtKdG2BSFgqUcPVwTt | 8cvxJgs1xRsq8AKVWLqdNwdwGCFatBfwbHbMe21Q7Wto | ADFZBPtahQ6geoYP3KPHGSD3CosMcVLXxdjMZrQkJtbK | BowsrSgFEHsMwBpxukdd7a4VSN3zyWdWCWxNjyN4L7gh | Ce6TQqeHC9p8KetsN6JsjHK7UTZk7nasjjnr7XxXp9F1 | CebN5WGQ4jvEPvsVU4EoHEpgzq1VV7AbicfhtW4xC9iM | ComputeBudget111111111111111111111111111111 | EjJmdPATAPvkeF5H4MqWpeE6oRC3ZXJS54b33wE2XrH2 | GhUyAFTAHfsvuH8AUcHpGQvHxNTyK99z1tTzczMmmvxw | Hq2wp8uJ9jCPsYgNHex8RtqdvMPfVGoYwjvF1ATiwn2Y | J1fDs5qEC6PhVhjEVY6NwVd1rcSks5sJcF5xb3xkSEfA | PxHqD3xPSfPmKoHZKYs65mxT5kyGqqw2zTcTjZgoCBa | SysvarRecentB1ockHashes11111111111111111111 | TokenzQdBNbLqP5VEhdkAS6EPFLC1PHnBqCXEpPxuEb | i43WeUBGKA5ywn5Zea79iRvG5XN32pRAZn | jitodontfront111111111111111111111111111111 | pfeeUxB6jkeY1Hxd7CsFCAjcbHA9rWtchMGdZ6VojVZ | spl-token | system,"[{""amount"": 4302133327113, ""decimals"": 6, ""mint"": ""6U8LkK62UEWcVAEMaGmC59AfxC17aBgDrHdUymHwpump"", ""symbol"": null}]"
55PB376nxsrBLTZr1UdQSk6M89AxPif6oKmbmZmWq5dr,27EZWAP8Huv1ZTcZRNiBK3puvnh9iKSA9Dj5PCEY3KxjeKGrtG3kJBVMpPpdZBAch5D9vJtk4AFawq9pGjkRKbcf,1777604894,416790703,Success,pump_buy,0.85,-0.509517891,solana_rpc,295025,matched Pump program id: EjJmdPATAPvkeF5H4MqWpeE6oRC3ZXJS54b33wE2XrH2 | wallet token balance changed | wallet SOL change: -0.509517891,11111111111111111111111111111111 | 3vY8bMSYdX48izhS9fvaSCJg8Hu2Dy9gCeRDeVfh1Ji3 | 4GNDtzzR3idNttBbC8bFLpRkD7kWdVKgyrrvwTdwUuHK | 4wTV1YmiEkRvAtNtsSGPtUrqRYQMe5SKy2uB4Jjaxnjf | 55PB376nxsrBLTZr1UdQSk6M89AxPif6oKmbmZmWq5dr | 6EF8rrecthR5Dkzon8Nwu78hRvfCKubJ14M5uBEwF6P | 7RKtfATWCe98ChuwecNq8XCzAzfoK3DtZTprFsPMGtio | 8Wf5TiAheLUqBrKXeYg2JtAFFMWtKdG2BSFgqUcPVwTt | 9M4giFFMxmFGXtc3feFzRai56WbBqehoSeRE5GK7gf7 | ABX9U7PZHeSfDjo8umbYiFhCZZhvPhmnve7xPf7nqPkL | Ce6TQqeHC9p8KetsN6JsjHK7UTZk7nasjjnr7XxXp9F1 | CebN5WGQ4jvEPvsVU4EoHEpgzq1VV7AbicfhtW4xC9iM | CiaJrZwmfecZdAUUzECSycSPtXNHSyXCKWUngyHspump | ComputeBudget111111111111111111111111111111 | EjJmdPATAPvkeF5H4MqWpeE6oRC3ZXJS54b33wE2XrH2 | F8ieKqLsnvxW9ViSDnNFHAZJEgCp992RBFCqsszGGfp2 | F9CQY7ZcruCDDsJUSXs6NUMhcFLZhX8LoXiea8DevUj2 | G5YRCqMZEWYWNz1V2PHFTseSXVujsztdMF2VcvAyN3H3 | GhUyAFTAHftBPhWzvwTsRS9gkxXY1bNUzLFTLqvA6EPy | Hq2wp8uJ9jCPsYgNHex8RtqdvMPfVGoYwjvF1ATiwn2Y | PxHqD3xPSfPmKoHZKYs65mxT5kyGqqw2zTcTjZgoCBa | SysvarRecentB1ockHashes11111111111111111111 | TokenzQdBNbLqP5VEhdkAS6EPFLC1PHnBqCXEpPxuEb | a6uXDx9SD4QekmhjZoknDsDqoHkL9KaCYrsR1UEaetq | bxBKnL8nq2YCbtvkcfYeqGiPhoP38P9qE22tRPPRd99 | i43WeUBGKA7UaKmXS6wNgGC1ABvSZ2D12Q | jitodontfront111111111111111111111111111111 | noznbgwYnBLDHu8wcQVCEw6kDrXkPdKkydGJGNXGvL7 | pfeeUxB6jkeY1Hxd7CsFCAjcbHA9rWtchMGdZ6VojVZ | spl-token | system,"[{""amount"": 9659312629416, ""decimals"": 6, ""mint"": ""CiaJrZwmfecZdAUUzECSycSPtXNHSyXCKWUngyHspump"", ""symbol"": null}]"
55PB376nxsrBLTZr1UdQSk6M89AxPif6oKmbmZmWq5dr,4T6QLd9S5ANVA7UcSZbFEPJ398QNZkGQTnTT3CeeJZEosGegd9XMwZzXNRgiCehgnnWJeHtrqydcbjqEvSHNpXnr,1777604924,416790782,Success,pump_buy,0.85,-0.509594308,solana_rpc,295025,matched Pump program id: EjJmdPATAPvkeF5H4MqWpeE6oRC3ZXJS54b33wE2XrH2 | wallet token balance changed | wallet SOL change: -0.509594308,11111111111111111111111111111111 | 3ZaiTZtGcfAqw4K7uXJMaz1efhfpfAcMjYr17ubHnFD6 | 4GNDtzzR3idNttBbC8bFLpRkD7kWdVKgyrrvwTdwUuHK | 4wTV1YmiEkRvAtNtsSGPtUrqRYQMe5SKy2uB4Jjaxnjf | 55PB376nxsrBLTZr1UdQSk6M89AxPif6oKmbmZmWq5dr | 5eHhjP8JaYkz83CWwvGU2uMUXefd3AazWGx4gpcuEEYD | 6EF8rrecthR5Dkzon8Nwu78hRvfCKubJ14M5uBEwF6P | 6KAHgHzLDvmzsxsJWMTb7BNd3b6d3XN45ky1jwYJ8Scg | 6UXcGwkfqC5GLgspQ3yoA4tuA15kgwsizTsAP5V5WuBS | 7RKtfATWCe98ChuwecNq8XCzAzfoK3DtZTprFsPMGtio | 7nCTDooixhD6DYEPw5KWt9DLiGorJYFcDEqGKGYWm2fv | 8Wf5TiAheLUqBrKXeYg2JtAFFMWtKdG2BSFgqUcPVwTt | 8dvJPMVRXxMBd1n5w3GGX8MS878ZgRt7vmwc9qEtdT7Z | Ce6TQqeHC9p8KetsN6JsjHK7UTZk7nasjjnr7XxXp9F1 | CebN5WGQ4jvEPvsVU4EoHEpgzq1VV7AbicfhtW4xC9iM | ComputeBudget111111111111111111111111111111 | E5vC49RLqYwkPxwEPLEuik2Z2snRA2xGDzS8QU3z5Vt1 | EjJmdPATAPvkeF5H4MqWpeE6oRC3ZXJS54b33wE2XrH2 | FeEX7TTRTUPe5SCxELms3cTL87nLdUP5VoeCGchy4UBZ | GhUyAFTAHft4qDXP9xmd3s8gxTsb4TweH7bZhaga46YX | HSzaueDFx4gJeoj4Raj3imHw88yAnUHDmpxkZCHKpump | Hq2wp8uJ9jCPsYgNHex8RtqdvMPfVGoYwjvF1ATiwn2Y | PxHqD3xPSfPmKoHZKYs65mxT5kyGqqw2zTcTjZgoCBa | SysvarRecentB1ockHashes11111111111111111111 | TokenzQdBNbLqP5VEhdkAS6EPFLC1PHnBqCXEpPxuEb | i43WeUBGKA6oMZrdCGVfZpzjMKZ22bPvTz | jitodontfront111111111111111111111111111111 | nozxNBgWohjR75vdspfxR5H9ceC7XXH99xpxhVGt3Bb | pfeeUxB6jkeY1Hxd7CsFCAjcbHA9rWtchMGdZ6VojVZ | spl-token | system,"[{""amount"": 7009763586400, ""decimals"": 6, ""mint"": ""HSzaueDFx4gJeoj4Raj3imHw88yAnUHDmpxkZCHKpump"", ""symbol"": null}]"
55PB376nxsrBLTZr1UdQSk6M89AxPif6oKmbmZmWq5dr,2FcepneXyGyDzN1GW578CdVVKSw8X2L6pb2boi72tLKucXNbcNwoBdLMJGJQbs58Gsbw2Hey7H2FX6pahxatWLwG,1777605239,416791579,Success,pump_buy,0.85,-0.103118413,solana_rpc,295025,matched Pump program id: EjJmdPATAPvkeF5H4MqWpeE6oRC3ZXJS54b33wE2XrH2 | wallet token balance changed | wallet SOL change: -0.103118413,11111111111111111111111111111111 | 2my95JEeKqh1imVtfGoJ2BLE4BbjdeDnLtAPvBtxh3Y2 | 2p5e3sudKx2LtM8iSefaSszMY9nCiHz6CTEASQ9Xpump | 3ZaiTZtGcfAqw4K7uXJMaz1efhfpfAcMjYr17ubHnF99 | 4GNDtzzR3idNttBbC8bFLpRkD7kWdVKgyrrvwTdwUuHK | 4ZZ8jRamzTNFqdrh4mzPPcyF6aGQEpSpzntQGjXpV9h4 | 4wTV1YmiEkRvAtNtsSGPtUrqRYQMe5SKy2uB4Jjaxnjf | 55PB376nxsrBLTZr1UdQSk6M89AxPif6oKmbmZmWq5dr | 6EF8rrecthR5Dkzon8Nwu78hRvfCKubJ14M5uBEwF6P | 6Fs9KYi2DCyWhtG7Dz1MYdZZzNeFneGapnz8jtVvKkwp | 7RKtfATWCe98ChuwecNq8XCzAzfoK3DtZTprFsPMGtio | 7sWY6zxsRYaJZdCits2qZG8m2y215c6NvdbcfjjzwDGj | 8Wf5TiAheLUqBrKXeYg2JtAFFMWtKdG2BSFgqUcPVwTt | 9JQDbGs2GnU1rNayarhrH3eFecuFLRhUcXQLfehX93cP | A7hAgCzFw14fejgCp387JUJRMNyz4j89JKnhtKU8piqW | Ce6TQqeHC9p8KetsN6JsjHK7UTZk7nasjjnr7XxXp9F1 | CebN5WGQ4jvEPvsVU4EoHEpgzq1VV7AbicfhtW4xC9iM | ComputeBudget111111111111111111111111111111 | D2L6yPZ2FmmmTKPgzaMKdhu6EWZcTpLy1Vhx8uvZe7NZ | E7TqP54vkPPhdqmLmjhEVHB3J95zaFmML7UTin1Tfc89 | EjJmdPATAPvkeF5H4MqWpeE6oRC3ZXJS54b33wE2XrH2 | GhUyAFTAHft3WVKsFUqQ5APwbwrpjFG373JRdi6Fw4yu | Hq2wp8uJ9jCPsYgNHex8RtqdvMPfVGoYwjvF1ATiwn2Y | PxHqD3xPSfPmKoHZKYs65mxT5kyGqqw2zTcTjZgoCBa | SysvarRecentB1ockHashes11111111111111111111 | TokenzQdBNbLqP5VEhdkAS6EPFLC1PHnBqCXEpPxuEb | i43WeUBGKA82QAuxJffHYqP4wELBtzfdCL | jitodontfront111111111111111111111111111111 | pfeeUxB6jkeY1Hxd7CsFCAjcbHA9rWtchMGdZ6VojVZ | spl-token | system,"[{""amount"": 1427874204387, ""decimals"": 6, ""mint"": ""2p5e3sudKx2LtM8iSefaSszMY9nCiHz6CTEASQ9Xpump"", ""symbol"": null}]"
55PB376nxsrBLTZr1UdQSk6M89AxPif6oKmbmZmWq5dr,48MxeYxQk9ATYM4H2EL42Dw2AFAS2DpmUPsSxZ5aYbeK7TNxV6LgNtB29ZjgHY2V2sAj9k33NtyjSvZS6qa6oNse,1777605274,416791667,Success,pump_buy,0.85,-0.537728971,solana_rpc,295025,matched Pump program id: 6EF8rrecthR5Dkzon8Nwu78hRvfCKubJ14M5uBEwF6P | wallet token balance changed | wallet SOL change: -0.537728971,11111111111111111111111111111111 | 6EF8rrecthR5Dkzon8Nwu78hRvfCKubJ14M5uBEwF6P | ComputeBudget111111111111111111111111111111 | EjJmdPATAPvkeF5H4MqWpeE6oRC3ZXJS54b33wE2XrH2 | TokenzQdBNbLqP5VEhdkAS6EPFLC1PHnBqCXEpPxuEb | pfeeUxB6jkeY1Hxd7CsFCAjcbHA9rWtchMGdZ6VojVZ | spl-token | system,"[{""amount"": 9876093494653, ""decimals"": 6, ""mint"": ""BxKa6y8u8gE7Tr38enZFvEEtLrh9T52vYyBMpBg6pump"", ""symbol"": null}]"
55PB376nxsrBLTZr1UdQSk6M89AxPif6oKmbmZmWq5dr,4NpKi8jxQgTxYCXC9DEqBoC3NxvGiwS2m25Ez7msmzBrsUJrkvHNxtE3HDrLmPU7QbkRBmwPUoPMop4HWt9njBmA,1777605274,416791668,Success,pump_sell,0.85,0.256228141,solana_rpc,20000,matched Pump program id: pAMMBay6oceH9fJKBRHGP5D4bD4sWpmSwMn52FMfXEA | wallet token balance changed | wallet SOL change: 0.256228141,11111111111111111111111111111111 | ComputeBudget111111111111111111111111111111 | TokenkegQfeZyiNwAJbNbGKPFXCWuBvf9Ss623VQ5DA | TokenzQdBNbLqP5VEhdkAS6EPFLC1PHnBqCXEpPxuEb | pAMMBay6oceH9fJKBRHGP5D4bD4sWpmSwMn52FMfXEA | pfeeUxB6jkeY1Hxd7CsFCAjcbHA9rWtchMGdZ6VojVZ | spl-token | system,"[{""amount"": -713937102194, ""decimals"": 6, ""mint"": ""2p5e3sudKx2LtM8iSefaSszMY9nCiHz6CTEASQ9Xpump"", ""symbol"": null}]"
55PB376nxsrBLTZr1UdQSk6M89AxPif6oKmbmZmWq5dr,q8nxFSpi7XuEHKnZt3e8N3XcbGqeaoZe8W4mSRUvrpQZ3aVM3goPvHJtb8qZXNRFxEvz8VZU4VqiLRcx9qEDhnB,1777605352,416791869,Success,pump_buy,0.85,-0.570757998,solana_rpc,295025,matched Pump program id: 6EF8rrecthR5Dkzon8Nwu78hRvfCKubJ14M5uBEwF6P | wallet token balance changed | wallet SOL change: -0.570757998,11111111111111111111111111111111 | 6EF8rrecthR5Dkzon8Nwu78hRvfCKubJ14M5uBEwF6P | ComputeBudget111111111111111111111111111111 | EjJmdPATAPvkeF5H4MqWpeE6oRC3ZXJS54b33wE2XrH2 | TokenzQdBNbLqP5VEhdkAS6EPFLC1PHnBqCXEpPxuEb | pfeeUxB6jkeY1Hxd7CsFCAjcbHA9rWtchMGdZ6VojVZ | spl-token | system,"[{""amount"": 10687428468431, ""decimals"": 6, ""mint"": ""D1fkaTddRLpVr3hQEQqdJiozjSeuDzoQKgfdm55Bpump"", ""symbol"": null}]"
55PB376nxsrBLTZr1UdQSk6M89AxPif6oKmbmZmWq5dr,6ATpJCTWpGMXaLhN3TR4YB9F8Eddcnx4oNorUjaG6tZKQ8NUtukkUuLLicKJSsMupqNffzwwCpHdf5yYYoDVmbA,1777605464,416792150,Success,pump_buy,0.85,-0.509594308,solana_rpc,295025,matched Pump program id: 6EF8rrecthR5Dkzon8Nwu78hRvfCKubJ14M5uBEwF6P | wallet token balance changed | wallet SOL change: -0.509594308,11111111111111111111111111111111 | 6EF8rrecthR5Dkzon8Nwu78hRvfCKubJ14M5uBEwF6P | ComputeBudget111111111111111111111111111111 | EjJmdPATAPvkeF5H4MqWpeE6oRC3ZXJS54b33wE2XrH2 | TokenzQdBNbLqP5VEhdkAS6EPFLC1PHnBqCXEpPxuEb | pfeeUxB6jkeY1Hxd7CsFCAjcbHA9rWtchMGdZ6VojVZ | spl-token | system,"[{""amount"": 12724522691346, ""decimals"": 6, ""mint"": ""He7815qydm2nqixRqfyo1hzTWDQSBjzPg5k8vdwKpump"", ""symbol"": null}]"
55PB376nxsrBLTZr1UdQSk6M89AxPif6oKmbmZmWq5dr,5UVnoUPKVQqzzit8WirdJo9Lgtb1L8fgZSJQzHbiWAvbtSk1jsXLuR86Pqx3wxyVcCFgbeNNQUeovess3ytBwweV,1777605519,416792292,Success,pump_buy,0.85,-0.544970693,solana_rpc,295025,matched Pump program id: 6EF8rrecthR5Dkzon8Nwu78hRvfCKubJ14M5uBEwF6P | wallet token balance changed | wallet SOL change: -0.544970693,11111111111111111111111111111111 | 6EF8rrecthR5Dkzon8Nwu78hRvfCKubJ14M5uBEwF6P | ComputeBudget111111111111111111111111111111 | EjJmdPATAPvkeF5H4MqWpeE6oRC3ZXJS54b33wE2XrH2 | TokenzQdBNbLqP5VEhdkAS6EPFLC1PHnBqCXEpPxuEb | pfeeUxB6jkeY1Hxd7CsFCAjcbHA9rWtchMGdZ6VojVZ | spl-token | system,"[{""amount"": 14753351985674, ""decimals"": 6, ""mint"": ""73it2iUF8hgE2S9X9fKkx2SA3a5B8oNhjPDPkvmApump"", ""symbol"": null}]"
55PB376nxsrBLTZr1UdQSk6M89AxPif6oKmbmZmWq5dr,2LPXQyh8B5SnnSLM1AZuMAZdLhRNsoMM2ryPhqrTSbEMX5Rp5cARfbs28ksdsi2JMs4tsb46brjeqr64ec73n7cN,1777605547,416792364,Success,pump_buy,0.85,-0.509594308,solana_rpc,295025,matched Pump program id: 6EF8rrecthR5Dkzon8Nwu78hRvfCKubJ14M5uBEwF6P | wallet token balance changed | wallet SOL change: -0.509594308,11111111111111111111111111111111 | 6EF8rrecthR5Dkzon8Nwu78hRvfCKubJ14M5uBEwF6P | ComputeBudget111111111111111111111111111111 | EjJmdPATAPvkeF5H4MqWpeE6oRC3ZXJS54b33wE2XrH2 | TokenzQdBNbLqP5VEhdkAS6EPFLC1PHnBqCXEpPxuEb | pfeeUxB6jkeY1Hxd7CsFCAjcbHA9rWtchMGdZ6VojVZ | spl-token | system,"[{""amount"": 10126949536466, ""decimals"": 6, ""mint"": ""EJV2ACyuaUv9ic8AjMLwazu58dGZKDZ7YvKXfEuNpump"", ""symbol"": null}]"
55PB376nxsrBLTZr1UdQSk6M89AxPif6oKmbmZmWq5dr,WjFqfQBH6GEN5LrSV5vBs44Xk8eMfBjRQfVxMymtpsbWTEkoN6LXEoCFCvZTU99MBrAu8yMLjYZqUn4U39zFdYx,1777605581,416792443,Success,pump_buy,0.85,-0.103009039,solana_rpc,295025,matched Pump program id: 6EF8rrecthR5Dkzon8Nwu78hRvfCKubJ14M5uBEwF6P | wallet token balance changed | wallet SOL change: -0.103009039,11111111111111111111111111111111 | 6EF8rrecthR5Dkzon8Nwu78hRvfCKubJ14M5uBEwF6P | ComputeBudget111111111111111111111111111111 | EjJmdPATAPvkeF5H4MqWpeE6oRC3ZXJS54b33wE2XrH2 | TokenzQdBNbLqP5VEhdkAS6EPFLC1PHnBqCXEpPxuEb | pfeeUxB6jkeY1Hxd7CsFCAjcbHA9rWtchMGdZ6VojVZ | spl-token | system,"[{""amount"": 1482988143847, ""decimals"": 6, ""mint"": ""EdHbom9R3qUw6zJ2F8WNGuvHQZSHbxaEhRRYvaLApump"", ""symbol"": null}]"
55PB376nxsrBLTZr1UdQSk6M89AxPif6oKmbmZmWq5dr,smrykAwqwpYqE9iyZaxNgPRB1n7gtGxi7PaAZJuV7E7WYturE5VZDB24dqjyDxauMEtJJWenPmeb43agXbDu1by,1777605680,416792695,Success,pump_buy,0.85,-0.103060361,solana_rpc,295025,matched Pump program id: 6EF8rrecthR5Dkzon8Nwu78hRvfCKubJ14M5uBEwF6P | wallet token balance changed | wallet SOL change: -0.103060361,11111111111111111111111111111111 | 6EF8rrecthR5Dkzon8Nwu78hRvfCKubJ14M5uBEwF6P | ComputeBudget111111111111111111111111111111 | EjJmdPATAPvkeF5H4MqWpeE6oRC3ZXJS54b33wE2XrH2 | TokenzQdBNbLqP5VEhdkAS6EPFLC1PHnBqCXEpPxuEb | pfeeUxB6jkeY1Hxd7CsFCAjcbHA9rWtchMGdZ6VojVZ | spl-token | system,"[{""amount"": 1448574334056, ""decimals"": 6, ""mint"": ""EQALo55E16Vx3wuCfDEEahcfN3KXgZpy8aryt6sMpump"", ""symbol"": null}]"
55PB376nxsrBLTZr1UdQSk6M89AxPif6oKmbmZmWq5dr,co1CytQVv8bnTNy8xfYbX4dmVWqzuEW6v3MJDHdeWBC493Xfi4NRqXGeaXKCw2gSqNuQ7DDSaaJLuNUj5pGBDiq,1777605717,416792783,Success,pump_buy,0.85,-0.510410663,solana_rpc,295025,matched Pump program id: 6EF8rrecthR5Dkzon8Nwu78hRvfCKubJ14M5uBEwF6P | wallet token balance changed | wallet SOL change: -0.510410663,11111111111111111111111111111111 | 6EF8rrecthR5Dkzon8Nwu78hRvfCKubJ14M5uBEwF6P | ComputeBudget111111111111111111111111111111 | EjJmdPATAPvkeF5H4MqWpeE6oRC3ZXJS54b33wE2XrH2 | TokenzQdBNbLqP5VEhdkAS6EPFLC1PHnBqCXEpPxuEb | pfeeUxB6jkeY1Hxd7CsFCAjcbHA9rWtchMGdZ6VojVZ | spl-token | system,"[{""amount"": 14144114300419, ""decimals"": 6, ""mint"": ""C5s1X3a2rCgaF1hudfRSwHgvV3y4wiLfdPfc9ZKtpump"", ""symbol"": null}]"
55PB376nxsrBLTZr1UdQSk6M89AxPif6oKmbmZmWq5dr,3a8CaFVFULfTwnX1LyoBMSnuMtPncEQ81QZZsTmzTbva1ewjFKBG74TL1FSNP73Pmjc6ujk7SWPZj2DAkcq8gKb2,1777605920,416793305,Success,pump_buy,0.85,-0.534466564,solana_rpc,295025,matched Pump program id: 6EF8rrecthR5Dkzon8Nwu78hRvfCKubJ14M5uBEwF6P | wallet token balance changed | wallet SOL change: -0.534466564,11111111111111111111111111111111 | 6EF8rrecthR5Dkzon8Nwu78hRvfCKubJ14M5uBEwF6P | ComputeBudget111111111111111111111111111111 | EjJmdPATAPvkeF5H4MqWpeE6oRC3ZXJS54b33wE2XrH2 | TokenzQdBNbLqP5VEhdkAS6EPFLC1PHnBqCXEpPxuEb | pfeeUxB6jkeY1Hxd7CsFCAjcbHA9rWtchMGdZ6VojVZ | spl-token | system,"[{""amount"": 4974788482591, ""decimals"": 6, ""mint"": ""7DxqaCF6mnPvTuWQJjt3Gn4yjvpXE6ysjxDpdmwxpump"", ""symbol"": null}]"
55PB376nxsrBLTZr1UdQSk6M89AxPif6oKmbmZmWq5dr,HEyWYhDg1B4NatKba3miTRmJXpRn6yUnBqcaj7ACrToQgaGkepeu7d6XeNhcvzLa2uzz44kohKAjqaoARpo5U4t,1777606576,416794952,Success,pump_buy,0.85,-0.509323039,solana_rpc,295025,matched Pump program id: 6EF8rrecthR5Dkzon8Nwu78hRvfCKubJ14M5uBEwF6P | wallet token balance changed | wallet SOL change: -0.509323039,11111111111111111111111111111111 | 6EF8rrecthR5Dkzon8Nwu78hRvfCKubJ14M5uBEwF6P | ComputeBudget111111111111111111111111111111 | EjJmdPATAPvkeF5H4MqWpeE6oRC3ZXJS54b33wE2XrH2 | TokenzQdBNbLqP5VEhdkAS6EPFLC1PHnBqCXEpPxuEb | pfeeUxB6jkeY1Hxd7CsFCAjcbHA9rWtchMGdZ6VojVZ | spl-token | system,"[{""amount"": 7569744225427, ""decimals"": 6, ""mint"": ""CQYTnKGEGNu8Y29qHVRp3HHLW9vUycxEF5UD8FeKpump"", ""symbol"": null}]"
55PB376nxsrBLTZr1UdQSk6M89AxPif6oKmbmZmWq5dr,397y75oC7ByewBwcDGzm1jNsb3Vnw52smepuvKGxw4AxU2f9ALkddCTveP4DyGM7nRjboUL1kXKLMSA7iUvBz2zF,1777606664,416795176,Success,pump_buy,0.85,-0.573568898,solana_rpc,295025,matched Pump program id: 6EF8rrecthR5Dkzon8Nwu78hRvfCKubJ14M5uBEwF6P | wallet token balance changed | wallet SOL change: -0.573568898,11111111111111111111111111111111 | 6EF8rrecthR5Dkzon8Nwu78hRvfCKubJ14M5uBEwF6P | ComputeBudget111111111111111111111111111111 | EjJmdPATAPvkeF5H4MqWpeE6oRC3ZXJS54b33wE2XrH2 | TokenzQdBNbLqP5VEhdkAS6EPFLC1PHnBqCXEpPxuEb | pfeeUxB6jkeY1Hxd7CsFCAjcbHA9rWtchMGdZ6VojVZ | spl-token | system,"[{""amount"": 5998185561385, ""decimals"": 6, ""mint"": ""CQYTnKGEGNu8Y29qHVRp3HHLW9vUycxEF5UD8FeKpump"", ""symbol"": null}]"
55PB376nxsrBLTZr1UdQSk6M89AxPif6oKmbmZmWq5dr,4ZYWM7uJF3XwLjbbd6Rcivh7Zmpvt1HDJ1o4fUdQUYSW7gUVkEoaLCC126GqdZEcKDv6SK4KMnYPrFCsS3E8YC5n,1777606875,416795712,Fail,failed_pump_tx,0.7,,solana_rpc,295025,matched Pump program id: 6EF8rrecthR5Dkzon8Nwu78hRvfCKubJ14M5uBEwF6P | transaction status is fail,11111111111111111111111111111111 | 6EF8rrecthR5Dkzon8Nwu78hRvfCKubJ14M5uBEwF6P | ComputeBudget111111111111111111111111111111 | EjJmdPATAPvkeF5H4MqWpeE6oRC3ZXJS54b33wE2XrH2 | TokenzQdBNbLqP5VEhdkAS6EPFLC1PHnBqCXEpPxuEb | spl-token | system,[]
55PB376nxsrBLTZr1UdQSk6M89AxPif6oKmbmZmWq5dr,5dWVYrhRCFUodHhNtyETKVe4k9AdQZfjmw5jumup5oyFQCCndAmRNLXadLn2eu4PcARDBKeRaG7iHaEyniRUAHJU,1777607501,416797304,Success,pump_buy,0.85,-0.509594308,solana_rpc,295025,matched Pump program id: 6EF8rrecthR5Dkzon8Nwu78hRvfCKubJ14M5uBEwF6P | wallet token balance changed | wallet SOL change: -0.509594308,11111111111111111111111111111111 | 6EF8rrecthR5Dkzon8Nwu78hRvfCKubJ14M5uBEwF6P | ComputeBudget111111111111111111111111111111 | EjJmdPATAPvkeF5H4MqWpeE6oRC3ZXJS54b33wE2XrH2 | TokenzQdBNbLqP5VEhdkAS6EPFLC1PHnBqCXEpPxuEb | pfeeUxB6jkeY1Hxd7CsFCAjcbHA9rWtchMGdZ6VojVZ | spl-token | system,"[{""amount"": 3595081568751, ""decimals"": 6, ""mint"": ""9T3zykmK1R9FT9HaV57PXcHauj7dSZ6TELZR4Kjmpump"", ""symbol"": null}]"
55PB376nxsrBLTZr1UdQSk6M89AxPif6oKmbmZmWq5dr,bjBDmMPG7h28BdLzoZ5yuMNm2LDY56tdzEYvvBX6yvPY3YmJhbhCp58eFzYGoDsoeKoyAREjRbp4ZhoYw1Ue5qc,1777607506,416797317,Fail,failed_other_tx,0.0,,solana_rpc,5825,transaction status is fail,11111111111111111111111111111111 | ComputeBudget111111111111111111111111111111 | system,[]
55PB376nxsrBLTZr1UdQSk6M89AxPif6oKmbmZmWq5dr,5wQgcKiPto85QitkP3fyEzGUBwJkj99yh8s4sZKuzXBXcZaqRJtZBZmueiUwbacesXExGzvv2U7QHTtEUXfhpUp1,1777607517,416797346,Success,pump_buy,0.85,-0.509594308,solana_rpc,295025,matched Pump program id: 6EF8rrecthR5Dkzon8Nwu78hRvfCKubJ14M5uBEwF6P | wallet token balance changed | wallet SOL change: -0.509594308,11111111111111111111111111111111 | 6EF8rrecthR5Dkzon8Nwu78hRvfCKubJ14M5uBEwF6P | ComputeBudget111111111111111111111111111111 | EjJmdPATAPvkeF5H4MqWpeE6oRC3ZXJS54b33wE2XrH2 | TokenzQdBNbLqP5VEhdkAS6EPFLC1PHnBqCXEpPxuEb | pfeeUxB6jkeY1Hxd7CsFCAjcbHA9rWtchMGdZ6VojVZ | spl-token | system,"[{""amount"": 13242080063509, ""decimals"": 6, ""mint"": ""QkZ8azx2moWutaCUhrYkh6oQKB3hTFUSG5Uvffspump"", ""symbol"": null}]"
55PB376nxsrBLTZr1UdQSk6M89AxPif6oKmbmZmWq5dr,2f2ZSA2i47oHR8SS2wxsbtE7zaeCCtnQC88uZQPZ6XuUj3w81pvJmSZX3BGdywWvKFqGx82AfAgSZzdd1uz1KKTk,1777607560,416797456,Success,pump_buy,0.85,-0.506474501,solana_rpc,295025,matched Pump program id: 6EF8rrecthR5Dkzon8Nwu78hRvfCKubJ14M5uBEwF6P | wallet token balance changed | wallet SOL change: -0.506474501,11111111111111111111111111111111 | 6EF8rrecthR5Dkzon8Nwu78hRvfCKubJ14M5uBEwF6P | ComputeBudget111111111111111111111111111111 | EjJmdPATAPvkeF5H4MqWpeE6oRC3ZXJS54b33wE2XrH2 | TokenzQdBNbLqP5VEhdkAS6EPFLC1PHnBqCXEpPxuEb | pfeeUxB6jkeY1Hxd7CsFCAjcbHA9rWtchMGdZ6VojVZ | spl-token | system,"[{""amount"": 3773904960974, ""decimals"": 6, ""mint"": ""9T3zykmK1R9FT9HaV57PXcHauj7dSZ6TELZR4Kjmpump"", ""symbol"": null}]"
55PB376nxsrBLTZr1UdQSk6M89AxPif6oKmbmZmWq5dr,2wsEha8KfMaXLvUiUWtPh7AeYoKk9uXZaQCrWKumo9FJPzjMSWbC7kF5NwC3ZKxSGVNvaqGnunj5aZNEUn1peyfR,1777607856,416798209,Success,pump_buy,0.85,-0.509542816,solana_rpc,295025,matched Pump program id: 6EF8rrecthR5Dkzon8Nwu78hRvfCKubJ14M5uBEwF6P | wallet token balance changed | wallet SOL change: -0.509542816,11111111111111111111111111111111 | 6EF8rrecthR5Dkzon8Nwu78hRvfCKubJ14M5uBEwF6P | ComputeBudget111111111111111111111111111111 | EjJmdPATAPvkeF5H4MqWpeE6oRC3ZXJS54b33wE2XrH2 | TokenzQdBNbLqP5VEhdkAS6EPFLC1PHnBqCXEpPxuEb | pfeeUxB6jkeY1Hxd7CsFCAjcbHA9rWtchMGdZ6VojVZ | spl-token | system,"[{""amount"": 6689805086716, ""decimals"": 6, ""mint"": ""J9g3uo3KHKwLVyzjxiTAeNffWmt7JoybyoF1q2Hhpump"", ""symbol"": null}]"
55PB376nxsrBLTZr1UdQSk6M89AxPif6oKmbmZmWq5dr,4g5fpcFpDrEiDdQoQU85wMu25QxHC8XXAHf9NR7NKGqWAmbkWtrSR5uCTPy256AiteYR9pRBHDkSR6DCKcX87AXJ,1777608181,416799030,Success,pump_buy,0.85,-0.509363083,solana_rpc,295025,matched Pump program id: 6EF8rrecthR5Dkzon8Nwu78hRvfCKubJ14M5uBEwF6P | wallet token balance changed | wallet SOL change: -0.509363083,11111111111111111111111111111111 | 6EF8rrecthR5Dkzon8Nwu78hRvfCKubJ14M5uBEwF6P | ComputeBudget111111111111111111111111111111 | EjJmdPATAPvkeF5H4MqWpeE6oRC3ZXJS54b33wE2XrH2 | TokenzQdBNbLqP5VEhdkAS6EPFLC1PHnBqCXEpPxuEb | pfeeUxB6jkeY1Hxd7CsFCAjcbHA9rWtchMGdZ6VojVZ | spl-token | system,"[{""amount"": 5408321985624, ""decimals"": 6, ""mint"": ""24LC1Kv92pD1x3CHMDjQwLkuVTZ156uH6zresjFFpump"", ""symbol"": null}]"
55PB376nxsrBLTZr1UdQSk6M89AxPif6oKmbmZmWq5dr,4pWme7CsFHmyHBPaaoCMXKcL7y9bF3o1tVeoqs7ipcPN1SyAb5Vcnb1R7xeEDKkAmjJjThJZkQMs4Nbd9GLFKgFK,1777608222,416799133,Success,pump_buy,0.85,-0.509471586,solana_rpc,295025,matched Pump program id: 6EF8rrecthR5Dkzon8Nwu78hRvfCKubJ14M5uBEwF6P | wallet token balance changed | wallet SOL change: -0.509471586,11111111111111111111111111111111 | 6EF8rrecthR5Dkzon8Nwu78hRvfCKubJ14M5uBEwF6P | ComputeBudget111111111111111111111111111111 | EjJmdPATAPvkeF5H4MqWpeE6oRC3ZXJS54b33wE2XrH2 | TokenzQdBNbLqP5VEhdkAS6EPFLC1PHnBqCXEpPxuEb | pfeeUxB6jkeY1Hxd7CsFCAjcbHA9rWtchMGdZ6VojVZ | spl-token | system,"[{""amount"": 6208789706390, ""decimals"": 6, ""mint"": ""H7o7PT7SzAFYn9FhmSo4N31zMHKPwbUFjK3B6nPxpump"", ""symbol"": null}]"
55PB376nxsrBLTZr1UdQSk6M89AxPif6oKmbmZmWq5dr,4HD3DdFHojYExyUyMZZGsdxLJttcnVw3qd4RLsEhvxeANubtPpLcF1JHxJio1f9t7ezcoiXPrcoZ49WJRKmxuv17,1777609031,416801180,Success,pump_buy,0.85,-0.514574892,solana_rpc,295025,matched Pump program id: 6EF8rrecthR5Dkzon8Nwu78hRvfCKubJ14M5uBEwF6P | wallet token balance changed | wallet SOL change: -0.514574892,11111111111111111111111111111111 | 6EF8rrecthR5Dkzon8Nwu78hRvfCKubJ14M5uBEwF6P | ComputeBudget111111111111111111111111111111 | EjJmdPATAPvkeF5H4MqWpeE6oRC3ZXJS54b33wE2XrH2 | TokenzQdBNbLqP5VEhdkAS6EPFLC1PHnBqCXEpPxuEb | pfeeUxB6jkeY1Hxd7CsFCAjcbHA9rWtchMGdZ6VojVZ | spl-token | system,"[{""amount"": 17089357852930, ""decimals"": 6, ""mint"": ""BFYkwYiK8b2a6gzspnfmKAUWwU9B4Y4MDsrQMnZapump"", ""symbol"": null}]"
55PB376nxsrBLTZr1UdQSk6M89AxPif6oKmbmZmWq5dr,4Jjpo32gnsbNAWp1As7Zpm9dby5bb8Wsp9iEMdgd1zA7C5AMcv68jhtkrCWSqK4aLTtqB7v14xBpmfjPKKfgXhqo,1777609397,416802118,Success,pump_buy,0.85,-0.509594308,solana_rpc,295025,matched Pump program id: 6EF8rrecthR5Dkzon8Nwu78hRvfCKubJ14M5uBEwF6P | wallet token balance changed | wallet SOL change: -0.509594308,11111111111111111111111111111111 | 6EF8rrecthR5Dkzon8Nwu78hRvfCKubJ14M5uBEwF6P | ComputeBudget111111111111111111111111111111 | EjJmdPATAPvkeF5H4MqWpeE6oRC3ZXJS54b33wE2XrH2 | TokenzQdBNbLqP5VEhdkAS6EPFLC1PHnBqCXEpPxuEb | pfeeUxB6jkeY1Hxd7CsFCAjcbHA9rWtchMGdZ6VojVZ | spl-token | system,"[{""amount"": 16886775053258, ""decimals"": 6, ""mint"": ""9fisMRbPhfzJQqUVWM1AStfRmktNxQMEa62hxDo5pump"", ""symbol"": null}]"
55PB376nxsrBLTZr1UdQSk6M89AxPif6oKmbmZmWq5dr,3Nw8FQ5z4wA161NbzvEni7m92v4dKstcnwdn9ym8GveFwQWj3sUGE3fzh26XeaSD16W74iK7uxGQ5BkVMCJQUYHB,1777609632,416802718,Success,pump_buy,0.85,-0.509516604,solana_rpc,295025,matched Pump program id: 6EF8rrecthR5Dkzon8Nwu78hRvfCKubJ14M5uBEwF6P | wallet token balance changed | wallet SOL change: -0.509516604,11111111111111111111111111111111 | 6EF8rrecthR5Dkzon8Nwu78hRvfCKubJ14M5uBEwF6P | ComputeBudget111111111111111111111111111111 | EjJmdPATAPvkeF5H4MqWpeE6oRC3ZXJS54b33wE2XrH2 | TokenzQdBNbLqP5VEhdkAS6EPFLC1PHnBqCXEpPxuEb | pfeeUxB6jkeY1Hxd7CsFCAjcbHA9rWtchMGdZ6VojVZ | spl-token | system,"[{""amount"": 9709525782190, ""decimals"": 6, ""mint"": ""7LEQAhP247qAn4RQ2gQz7f2Vy9h1RTBrYpZR53Xypump"", ""symbol"": null}]"
55PB376nxsrBLTZr1UdQSk6M89AxPif6oKmbmZmWq5dr,55MNejmhMejSQtaDx2H1QxJxRN4br9NGhw1sXZKeQVRjfpPM1vNiwzKxGbYxUDEPrYNAKeFUBu3E4b1rfEj66FGG,1777609756,416803028,Success,pump_buy,0.85,-0.50947133,solana_rpc,295025,matched Pump program id: 6EF8rrecthR5Dkzon8Nwu78hRvfCKubJ14M5uBEwF6P | wallet token balance changed | wallet SOL change: -0.509471330,11111111111111111111111111111111 | 6EF8rrecthR5Dkzon8Nwu78hRvfCKubJ14M5uBEwF6P | ComputeBudget111111111111111111111111111111 | EjJmdPATAPvkeF5H4MqWpeE6oRC3ZXJS54b33wE2XrH2 | TokenzQdBNbLqP5VEhdkAS6EPFLC1PHnBqCXEpPxuEb | pfeeUxB6jkeY1Hxd7CsFCAjcbHA9rWtchMGdZ6VojVZ | spl-token | system,"[{""amount"": 5848138304969, ""decimals"": 6, ""mint"": ""A5rP14CTa1YZ2RFz3PuLisDt5Amtb99JWXCXJPphpump"", ""symbol"": null}]"
55PB376nxsrBLTZr1UdQSk6M89AxPif6oKmbmZmWq5dr,5EBSCGrLHKjKgEKt3qKBAXKvREADpf4goZBAVod4fy2UVJoX3zE4nYsWLN5pJ8cTstMc28sJWzA9Dfpq1qxpYiAH,1777609923,416803456,Success,pump_buy,0.85,-0.519020036,solana_rpc,295025,matched Pump program id: 6EF8rrecthR5Dkzon8Nwu78hRvfCKubJ14M5uBEwF6P | wallet token balance changed | wallet SOL change: -0.519020036,11111111111111111111111111111111 | 6EF8rrecthR5Dkzon8Nwu78hRvfCKubJ14M5uBEwF6P | ComputeBudget111111111111111111111111111111 | EjJmdPATAPvkeF5H4MqWpeE6oRC3ZXJS54b33wE2XrH2 | TokenzQdBNbLqP5VEhdkAS6EPFLC1PHnBqCXEpPxuEb | pfeeUxB6jkeY1Hxd7CsFCAjcbHA9rWtchMGdZ6VojVZ | spl-token | system,"[{""amount"": 3435395165332, ""decimals"": 6, ""mint"": ""MiFAEqb5LU4gxsKUWMTmr7rAjoKw64Uk9raTw26pump"", ""symbol"": null}]"
55PB376nxsrBLTZr1UdQSk6M89AxPif6oKmbmZmWq5dr,ecjc1zXqNwQiQy4ofLCeZucv2h98HbuDd4kTuekSqAXLSBdbtgDHHRLvBxNd7hRriWLs193odyQTQJbRvDuPPj4,1777609943,416803504,Success,pump_buy,0.85,-0.509594308,solana_rpc,295025,matched Pump program id: 6EF8rrecthR5Dkzon8Nwu78hRvfCKubJ14M5uBEwF6P | wallet token balance changed | wallet SOL change: -0.509594308,11111111111111111111111111111111 | 6EF8rrecthR5Dkzon8Nwu78hRvfCKubJ14M5uBEwF6P | ComputeBudget111111111111111111111111111111 | EjJmdPATAPvkeF5H4MqWpeE6oRC3ZXJS54b33wE2XrH2 | TokenkegQfeZyiNwAJbNbGKPFXCWuBvf9Ss623VQ5DA | pfeeUxB6jkeY1Hxd7CsFCAjcbHA9rWtchMGdZ6VojVZ | spl-token | system,"[{""amount"": 2861976345472, ""decimals"": 6, ""mint"": ""CBLpK9s2RzRdpD4M1xrsm8nWQQqCo59kDRVyFtQmpump"", ""symbol"": null}]"
55PB376nxsrBLTZr1UdQSk6M89AxPif6oKmbmZmWq5dr,5efkxADwR6z3BWZLnx8qmGcQ3B6mrHKSoYRLVcK2R8NLneQV7sedq6vYuBSan7MSAVT7VsANsHNGR8jLx9HK7LbT,1777610198,416804145,Success,pump_buy,0.85,-0.599726016,solana_rpc,295025,matched Pump program id: 6EF8rrecthR5Dkzon8Nwu78hRvfCKubJ14M5uBEwF6P | wallet token balance changed | wallet SOL change: -0.599726016,11111111111111111111111111111111 | 6EF8rrecthR5Dkzon8Nwu78hRvfCKubJ14M5uBEwF6P | ComputeBudget111111111111111111111111111111 | EjJmdPATAPvkeF5H4MqWpeE6oRC3ZXJS54b33wE2XrH2 | TokenzQdBNbLqP5VEhdkAS6EPFLC1PHnBqCXEpPxuEb | pfeeUxB6jkeY1Hxd7CsFCAjcbHA9rWtchMGdZ6VojVZ | spl-token | system,"[{""amount"": 16195209940067, ""decimals"": 6, ""mint"": ""7n3tKCurzjrQ9ica4G5Kf789KVymmH6bbHSKtNtWpump"", ""symbol"": null}]"
55PB376nxsrBLTZr1UdQSk6M89AxPif6oKmbmZmWq5dr,4uTcrShETpYAHZRBwx2CsvBU7AjmxPRuZQ6sJutiEaCBFwbtn98tN7vCtmQqhQwpRrjmRYCoDUp6ASQwQ3nXDxG8,1777611045,416806290,Success,pump_buy,0.85,-0.580924956,solana_rpc,295025,matched Pump program id: 6EF8rrecthR5Dkzon8Nwu78hRvfCKubJ14M5uBEwF6P | wallet token balance changed | wallet SOL change: -0.580924956,11111111111111111111111111111111 | 6EF8rrecthR5Dkzon8Nwu78hRvfCKubJ14M5uBEwF6P | ComputeBudget111111111111111111111111111111 | EjJmdPATAPvkeF5H4MqWpeE6oRC3ZXJS54b33wE2XrH2 | TokenzQdBNbLqP5VEhdkAS6EPFLC1PHnBqCXEpPxuEb | pfeeUxB6jkeY1Hxd7CsFCAjcbHA9rWtchMGdZ6VojVZ | spl-token | system,"[{""amount"": 7760871620389, ""decimals"": 6, ""mint"": ""3NdbKUzQ9pZY3ubFHaiAsnokXWEfLy9cWX3Mi1uMpump"", ""symbol"": null}]"
55PB376nxsrBLTZr1UdQSk6M89AxPif6oKmbmZmWq5dr,2yGwnp1zSUs2WbJFxCZhAfE14R6AH9ZbBvbbp3K9H8wiahQbLtqqZ7whySLFUoGhAxooyKpMuQBU44JKiuz78g55,1777612391,416809697,Success,pump_buy,0.85,-0.511866732,solana_rpc,295025,matched Pump program id: 6EF8rrecthR5Dkzon8Nwu78hRvfCKubJ14M5uBEwF6P | wallet token balance changed | wallet SOL change: -0.511866732,11111111111111111111111111111111 | 6EF8rrecthR5Dkzon8Nwu78hRvfCKubJ14M5uBEwF6P | ComputeBudget111111111111111111111111111111 | EjJmdPATAPvkeF5H4MqWpeE6oRC3ZXJS54b33wE2XrH2 | TokenzQdBNbLqP5VEhdkAS6EPFLC1PHnBqCXEpPxuEb | pfeeUxB6jkeY1Hxd7CsFCAjcbHA9rWtchMGdZ6VojVZ | spl-token | system,"[{""amount"": 3057203532322, ""decimals"": 6, ""mint"": ""HkbjnerdHCjZjnuQwWtAGExYTcipM11Rj7uFyCHkpump"", ""symbol"": null}]"
55PB376nxsrBLTZr1UdQSk6M89AxPif6oKmbmZmWq5dr,5zEGEScc44u6UokmAQHWveRBiAN8Jzo85cTbJczZHf515kJmkEp7NdudFX3YhNhSihgosCoXtFaFuCzKQ1a628Bi,1777612406,416809738,Fail,failed_other_tx,0.0,,solana_rpc,5825,transaction status is fail,11111111111111111111111111111111 | ComputeBudget111111111111111111111111111111 | system,[]
55PB376nxsrBLTZr1UdQSk6M89AxPif6oKmbmZmWq5dr,4ngRddvQB8dMEmHfRZSuQRDf1vYv7vjNQmxA6gcX5QcFci3GJ5A872FjXRi34U7fXHtXsiAG28X8cnMgzhmFhEK2,1777612423,416809781,Success,pump_sell,0.85,1.186089976,solana_rpc,20000,matched Pump program id: pAMMBay6oceH9fJKBRHGP5D4bD4sWpmSwMn52FMfXEA | wallet token balance changed | wallet SOL change: 1.186089976,11111111111111111111111111111111 | ComputeBudget111111111111111111111111111111 | TokenkegQfeZyiNwAJbNbGKPFXCWuBvf9Ss623VQ5DA | TokenzQdBNbLqP5VEhdkAS6EPFLC1PHnBqCXEpPxuEb | pAMMBay6oceH9fJKBRHGP5D4bD4sWpmSwMn52FMfXEA | pfeeUxB6jkeY1Hxd7CsFCAjcbHA9rWtchMGdZ6VojVZ | spl-token | system,"[{""amount"": -3057203532322, ""decimals"": 6, ""mint"": ""HkbjnerdHCjZjnuQwWtAGExYTcipM11Rj7uFyCHkpump"", ""symbol"": null}]"
55PB376nxsrBLTZr1UdQSk6M89AxPif6oKmbmZmWq5dr,2Nrg1ZDsGqiEFCpV7GpLvvRVT2mqbSC6geMsRSYQ1od72wHybPdP11f5EyGCMEdrcoHJAtkk1nVhyJ4fuhdd9X4V,1777612587,416810196,Success,pump_buy,0.85,-0.509071739,solana_rpc,295025,matched Pump program id: 6EF8rrecthR5Dkzon8Nwu78hRvfCKubJ14M5uBEwF6P | wallet token balance changed | wallet SOL change: -0.509071739,11111111111111111111111111111111 | 6EF8rrecthR5Dkzon8Nwu78hRvfCKubJ14M5uBEwF6P | ComputeBudget111111111111111111111111111111 | EjJmdPATAPvkeF5H4MqWpeE6oRC3ZXJS54b33wE2XrH2 | TokenzQdBNbLqP5VEhdkAS6EPFLC1PHnBqCXEpPxuEb | pfeeUxB6jkeY1Hxd7CsFCAjcbHA9rWtchMGdZ6VojVZ | spl-token | system,"[{""amount"": 6891652066856, ""decimals"": 6, ""mint"": ""dGUZGWMbd597oAAo79Thj3BUvNZxJE66BTeRRD4pump"", ""symbol"": null}]"
55PB376nxsrBLTZr1UdQSk6M89AxPif6oKmbmZmWq5dr,24bTMEhFCXEoebRJ6z8Q2dk5rKiHx2eM44aTyfPMgfYtkWnezkodwAMbK9ddmqWteeod8Yd5VV6e4sEtKRv726tU,1777613079,416811438,Success,pump_buy,0.85,-0.509594308,solana_rpc,295025,matched Pump program id: 6EF8rrecthR5Dkzon8Nwu78hRvfCKubJ14M5uBEwF6P | wallet token balance changed | wallet SOL change: -0.509594308,11111111111111111111111111111111 | 6EF8rrecthR5Dkzon8Nwu78hRvfCKubJ14M5uBEwF6P | ComputeBudget111111111111111111111111111111 | EjJmdPATAPvkeF5H4MqWpeE6oRC3ZXJS54b33wE2XrH2 | TokenzQdBNbLqP5VEhdkAS6EPFLC1PHnBqCXEpPxuEb | pfeeUxB6jkeY1Hxd7CsFCAjcbHA9rWtchMGdZ6VojVZ | spl-token | system,"[{""amount"": 5642078131433, ""decimals"": 6, ""mint"": ""75UyukCxDAnkhAUiDRpAo9euS4cdTq9CkpRzXqmQpump"", ""symbol"": null}]"
55PB376nxsrBLTZr1UdQSk6M89AxPif6oKmbmZmWq5dr,2KXr3hZDeT3NMyxUeHDfAuAPK5EJc3JE9jAB6Yp77fv3AnbbUoNHWmsCa8Y2NqNRzkLY7K4VeE9DA7X7GnnVRwmW,1777613674,416812944,Success,pump_buy,0.85,-0.482359319,solana_rpc,295025,matched Pump program id: 6EF8rrecthR5Dkzon8Nwu78hRvfCKubJ14M5uBEwF6P | wallet token balance changed | wallet SOL change: -0.482359319,11111111111111111111111111111111 | 6EF8rrecthR5Dkzon8Nwu78hRvfCKubJ14M5uBEwF6P | ComputeBudget111111111111111111111111111111 | EjJmdPATAPvkeF5H4MqWpeE6oRC3ZXJS54b33wE2XrH2 | TokenzQdBNbLqP5VEhdkAS6EPFLC1PHnBqCXEpPxuEb | pfeeUxB6jkeY1Hxd7CsFCAjcbHA9rWtchMGdZ6VojVZ | spl-token | system,"[{""amount"": 8428905804198, ""decimals"": 6, ""mint"": ""DsBg2TJfULBHD7HF7JVYZmU42Bixo4o9qrakvp4jpump"", ""symbol"": null}]"
55PB376nxsrBLTZr1UdQSk6M89AxPif6oKmbmZmWq5dr,4dXTPM4wBuGjL8JXAY6MXFGUoN1SwpfqSDMg6YQpom9wMKFwiwThRm3gamg42yL9b7ZjW2M5r47741Yvn4Vxy9JV,1777614832,416815883,Success,pump_buy,0.85,-0.55381672,solana_rpc,295025,matched Pump program id: 6EF8rrecthR5Dkzon8Nwu78hRvfCKubJ14M5uBEwF6P | wallet token balance changed | wallet SOL change: -0.553816720,11111111111111111111111111111111 | 6EF8rrecthR5Dkzon8Nwu78hRvfCKubJ14M5uBEwF6P | ComputeBudget111111111111111111111111111111 | EjJmdPATAPvkeF5H4MqWpeE6oRC3ZXJS54b33wE2XrH2 | TokenzQdBNbLqP5VEhdkAS6EPFLC1PHnBqCXEpPxuEb | pfeeUxB6jkeY1Hxd7CsFCAjcbHA9rWtchMGdZ6VojVZ | spl-token | system,"[{""amount"": 7541370041023, ""decimals"": 6, ""mint"": ""3NKmFHZZuPz7AfR98Q4VXLtXyM1sh1XLtjZwtnecpump"", ""symbol"": null}]"
55PB376nxsrBLTZr1UdQSk6M89AxPif6oKmbmZmWq5dr,A6Ack4E8ghnB1hizL3J548BgTyVayFVJUE5sqDiqCotpG7e4frUqPr69J5TbFDUfoE5veoLh9FBVyjiUq2hvAfz,1777615453,416817467,Success,pump_buy,0.85,-0.518177935,solana_rpc,295025,matched Pump program id: 6EF8rrecthR5Dkzon8Nwu78hRvfCKubJ14M5uBEwF6P | wallet token balance changed | wallet SOL change: -0.518177935,11111111111111111111111111111111 | 6EF8rrecthR5Dkzon8Nwu78hRvfCKubJ14M5uBEwF6P | ComputeBudget111111111111111111111111111111 | EjJmdPATAPvkeF5H4MqWpeE6oRC3ZXJS54b33wE2XrH2 | TokenzQdBNbLqP5VEhdkAS6EPFLC1PHnBqCXEpPxuEb | pfeeUxB6jkeY1Hxd7CsFCAjcbHA9rWtchMGdZ6VojVZ | spl-token | system,"[{""amount"": 14472926051903, ""decimals"": 6, ""mint"": ""AjGNSy5HbKK3crurbU4TBu3FgEUhSEhPgKoDT4f6pump"", ""symbol"": null}]"
55PB376nxsrBLTZr1UdQSk6M89AxPif6oKmbmZmWq5dr,5qwr3CGgWyPZ6JqhcNci345ANsN7toeJUPxeZggCHEuFveWfBUXpKqYTRSzC2wcM4kBbprv2usVpmgaMUhdfXEUA,1777615629,416817906,Success,pump_buy,0.85,-0.509177797,solana_rpc,295025,matched Pump program id: 6EF8rrecthR5Dkzon8Nwu78hRvfCKubJ14M5uBEwF6P | wallet token balance changed | wallet SOL change: -0.509177797,11111111111111111111111111111111 | 6EF8rrecthR5Dkzon8Nwu78hRvfCKubJ14M5uBEwF6P | ComputeBudget111111111111111111111111111111 | EjJmdPATAPvkeF5H4MqWpeE6oRC3ZXJS54b33wE2XrH2 | TokenzQdBNbLqP5VEhdkAS6EPFLC1PHnBqCXEpPxuEb | pfeeUxB6jkeY1Hxd7CsFCAjcbHA9rWtchMGdZ6VojVZ | spl-token | system,"[{""amount"": 7928578647210, ""decimals"": 6, ""mint"": ""2LygJAoS26geswH1pkGLrLBqdeX6rqXZn8kMxgcHpump"", ""symbol"": null}]"
55PB376nxsrBLTZr1UdQSk6M89AxPif6oKmbmZmWq5dr,41jEBHZi2h5WB5U8BwbUNjWVUfoRpR3fAbmjfFKTi3KRRpNDVm2BTbtNXqr7jMmS2RBZj36W6whb68xULWVcXaUk,1777615672,416818012,Success,pump_buy,0.85,-0.44297567,solana_rpc,295025,matched Pump program id: 6EF8rrecthR5Dkzon8Nwu78hRvfCKubJ14M5uBEwF6P | wallet token balance changed | wallet SOL change: -0.442975670,11111111111111111111111111111111 | 6EF8rrecthR5Dkzon8Nwu78hRvfCKubJ14M5uBEwF6P | ComputeBudget111111111111111111111111111111 | EjJmdPATAPvkeF5H4MqWpeE6oRC3ZXJS54b33wE2XrH2 | TokenzQdBNbLqP5VEhdkAS6EPFLC1PHnBqCXEpPxuEb | pfeeUxB6jkeY1Hxd7CsFCAjcbHA9rWtchMGdZ6VojVZ | spl-token | system,"[{""amount"": 9270075019436, ""decimals"": 6, ""mint"": ""dcM4Czn1PXetC5R5CxK54biPuTha6nYim3ypb2fpump"", ""symbol"": null}]"
55PB376nxsrBLTZr1UdQSk6M89AxPif6oKmbmZmWq5dr,34BKixXzsrc2ZkAZPpPr2ocvuyCKzeXC2zjL6B9fcwQHDxAh7geDko8efgSkw72ZboMCDQgfsToWhUGTDoNB5HNg,1777616219,416819394,Success,pump_buy,0.85,-0.509594308,solana_rpc,295025,matched Pump program id: 6EF8rrecthR5Dkzon8Nwu78hRvfCKubJ14M5uBEwF6P | wallet token balance changed | wallet SOL change: -0.509594308,11111111111111111111111111111111 | 6EF8rrecthR5Dkzon8Nwu78hRvfCKubJ14M5uBEwF6P | ComputeBudget111111111111111111111111111111 | EjJmdPATAPvkeF5H4MqWpeE6oRC3ZXJS54b33wE2XrH2 | TokenzQdBNbLqP5VEhdkAS6EPFLC1PHnBqCXEpPxuEb | pfeeUxB6jkeY1Hxd7CsFCAjcbHA9rWtchMGdZ6VojVZ | spl-token | system,"[{""amount"": 13139712571357, ""decimals"": 6, ""mint"": ""919tS7G5B4d6JerPxhkSNhBYRaZxwwvCGRPwQMnApump"", ""symbol"": null}]"
55PB376nxsrBLTZr1UdQSk6M89AxPif6oKmbmZmWq5dr,2JFhVpC1tv7Z6ZJUiC1bFx3o5ZFyGUwppzhgPoPZpRxYrQYySsX47EC53m1WMavtdiL6n1xkcvQ85APYijptfmQY,1777616382,416819809,Success,pump_buy,0.85,-0.509470005,solana_rpc,295025,matched Pump program id: 6EF8rrecthR5Dkzon8Nwu78hRvfCKubJ14M5uBEwF6P | wallet token balance changed | wallet SOL change: -0.509470005,11111111111111111111111111111111 | 6EF8rrecthR5Dkzon8Nwu78hRvfCKubJ14M5uBEwF6P | ComputeBudget111111111111111111111111111111 | EjJmdPATAPvkeF5H4MqWpeE6oRC3ZXJS54b33wE2XrH2 | TokenzQdBNbLqP5VEhdkAS6EPFLC1PHnBqCXEpPxuEb | pfeeUxB6jkeY1Hxd7CsFCAjcbHA9rWtchMGdZ6VojVZ | spl-token | system,"[{""amount"": 14710680315690, ""decimals"": 6, ""mint"": ""919tS7G5B4d6JerPxhkSNhBYRaZxwwvCGRPwQMnApump"", ""symbol"": null}]"
55PB376nxsrBLTZr1UdQSk6M89AxPif6oKmbmZmWq5dr,4Mmi2n94evnPqUQTYgL1V8dATtnTUaGZne8AqnrhaNsVDStERQhCxQHWLuAyKnU3WiZPuuCD2QAbzJnYjyuugKoz,1777616494,416820098,Success,pump_buy,0.85,-0.509090862,solana_rpc,295025,matched Pump program id: 6EF8rrecthR5Dkzon8Nwu78hRvfCKubJ14M5uBEwF6P | wallet token balance changed | wallet SOL change: -0.509090862,11111111111111111111111111111111 | 6EF8rrecthR5Dkzon8Nwu78hRvfCKubJ14M5uBEwF6P | ComputeBudget111111111111111111111111111111 | EjJmdPATAPvkeF5H4MqWpeE6oRC3ZXJS54b33wE2XrH2 | TokenzQdBNbLqP5VEhdkAS6EPFLC1PHnBqCXEpPxuEb | pfeeUxB6jkeY1Hxd7CsFCAjcbHA9rWtchMGdZ6VojVZ | spl-token | system,"[{""amount"": 13806624221112, ""decimals"": 6, ""mint"": ""Evb3ZLPwSR9hTDeanz2U6xRfdqJuns5Dce3EBQcbpump"", ""symbol"": null}]"
55PB376nxsrBLTZr1UdQSk6M89AxPif6oKmbmZmWq5dr,3fiYq8B4e63UTkFbg1ykFuyqnw1myvuBZhnweStr2SRDksvQRMJYmkv5VuYhwJcbthYUfaafAgSbd76XxEU4zaCi,1777616646,416820487,Success,pump_buy,0.85,-0.511267786,solana_rpc,295025,matched Pump program id: 6EF8rrecthR5Dkzon8Nwu78hRvfCKubJ14M5uBEwF6P | wallet token balance changed | wallet SOL change: -0.511267786,11111111111111111111111111111111 | 6EF8rrecthR5Dkzon8Nwu78hRvfCKubJ14M5uBEwF6P | ComputeBudget111111111111111111111111111111 | EjJmdPATAPvkeF5H4MqWpeE6oRC3ZXJS54b33wE2XrH2 | TokenzQdBNbLqP5VEhdkAS6EPFLC1PHnBqCXEpPxuEb | pfeeUxB6jkeY1Hxd7CsFCAjcbHA9rWtchMGdZ6VojVZ | spl-token | system,"[{""amount"": 10505636603011, ""decimals"": 6, ""mint"": ""Becf5jmHjavyz6SgzeWyEzr8DLG8Z6jHKoiyno5Vpump"", ""symbol"": null}]"
55PB376nxsrBLTZr1UdQSk6M89AxPif6oKmbmZmWq5dr,2u2gFqQuswiadgPMvZ36eSHep36bdYhLa1GnDwGYaaTMD1rQ6mW78Cp8fYLbmJpRFxrQBhqxYaVqAv9LyXbfxsnR,1777605256,416791621,Success,pump_sell,0.85,0.155560447,solana_rpc,20000,matched Pump program id: 6EF8rrecthR5Dkzon8Nwu78hRvfCKubJ14M5uBEwF6P | wallet token balance changed | wallet SOL change: 0.155560447,11111111111111111111111111111111 | 6EF8rrecthR5Dkzon8Nwu78hRvfCKubJ14M5uBEwF6P | ComputeBudget111111111111111111111111111111 | TokenzQdBNbLqP5VEhdkAS6EPFLC1PHnBqCXEpPxuEb | pfeeUxB6jkeY1Hxd7CsFCAjcbHA9rWtchMGdZ6VojVZ | spl-token | system,"[{""amount"": -713937102193, ""decimals"": 6, ""mint"": ""2p5e3sudKx2LtM8iSefaSszMY9nCiHz6CTEASQ9Xpump"", ""symbol"": null}]"
55PB376nxsrBLTZr1UdQSk6M89AxPif6oKmbmZmWq5dr,3cZT5TQnBjazZ3bwKjVd45BfMqLHeCD6ga7ZXhxxzuHpmNu8LRgU1p1YEdfFMdbWq4RzZSbT4x54V3jou7SLCzE6,1777605286,416791700,Success,pump_sell,0.85,0.525129468,solana_rpc,20000,matched Pump program id: 6EF8rrecthR5Dkzon8Nwu78hRvfCKubJ14M5uBEwF6P | wallet token balance changed | wallet SOL change: 0.525129468,11111111111111111111111111111111 | 6EF8rrecthR5Dkzon8Nwu78hRvfCKubJ14M5uBEwF6P | ComputeBudget111111111111111111111111111111 | TokenzQdBNbLqP5VEhdkAS6EPFLC1PHnBqCXEpPxuEb | pfeeUxB6jkeY1Hxd7CsFCAjcbHA9rWtchMGdZ6VojVZ | spl-token | system,"[{""amount"": -9876093494653, ""decimals"": 6, ""mint"": ""BxKa6y8u8gE7Tr38enZFvEEtLrh9T52vYyBMpBg6pump"", ""symbol"": null}]"
55PB376nxsrBLTZr1UdQSk6M89AxPif6oKmbmZmWq5dr,m6VjqawZTUtjifRqXKMmroEpdrZmMqvSjaSbAcQ6Wx3rVwzrWhCJtW9xhYpg5cFceNJsyRPU1Y7UzcDwEx8Ts9D,1777605401,416791995,Success,pump_sell,0.85,0.688440995,solana_rpc,20000,matched Pump program id: 6EF8rrecthR5Dkzon8Nwu78hRvfCKubJ14M5uBEwF6P | wallet token balance changed | wallet SOL change: 0.688440995,11111111111111111111111111111111 | 6EF8rrecthR5Dkzon8Nwu78hRvfCKubJ14M5uBEwF6P | ComputeBudget111111111111111111111111111111 | TokenzQdBNbLqP5VEhdkAS6EPFLC1PHnBqCXEpPxuEb | pfeeUxB6jkeY1Hxd7CsFCAjcbHA9rWtchMGdZ6VojVZ | spl-token | system,"[{""amount"": -10687428468431, ""decimals"": 6, ""mint"": ""D1fkaTddRLpVr3hQEQqdJiozjSeuDzoQKgfdm55Bpump"", ""symbol"": null}]"
55PB376nxsrBLTZr1UdQSk6M89AxPif6oKmbmZmWq5dr,35f5cSZpCTraWiZTC7cCbZbyJXQ7ie1P79gqvMY8BE32vbrpAUKHurszDhymKh6SnDJQHvzcr3jncHuLP3MKU8y9,1777605527,416792314,Success,pump_sell,0.85,0.553462534,solana_rpc,20000,matched Pump program id: 6EF8rrecthR5Dkzon8Nwu78hRvfCKubJ14M5uBEwF6P | wallet token balance changed | wallet SOL change: 0.553462534,11111111111111111111111111111111 | 6EF8rrecthR5Dkzon8Nwu78hRvfCKubJ14M5uBEwF6P | ComputeBudget111111111111111111111111111111 | TokenzQdBNbLqP5VEhdkAS6EPFLC1PHnBqCXEpPxuEb | pfeeUxB6jkeY1Hxd7CsFCAjcbHA9rWtchMGdZ6VojVZ | spl-token | system,"[{""amount"": -14753351985674, ""decimals"": 6, ""mint"": ""73it2iUF8hgE2S9X9fKkx2SA3a5B8oNhjPDPkvmApump"", ""symbol"": null}]"
55PB376nxsrBLTZr1UdQSk6M89AxPif6oKmbmZmWq5dr,3AwMi3CoVme6eyz94ULF7ZNhgCzVkAux5GeScZFFATQ8ZnPiKe7P61EEFQiXUetsLfNyCWoM4FoN9C92gphw8Spg,1777605550,416792370,Success,pump_sell,0.85,0.776754492,solana_rpc,20000,matched Pump program id: 6EF8rrecthR5Dkzon8Nwu78hRvfCKubJ14M5uBEwF6P | wallet token balance changed | wallet SOL change: 0.776754492,11111111111111111111111111111111 | 6EF8rrecthR5Dkzon8Nwu78hRvfCKubJ14M5uBEwF6P | ComputeBudget111111111111111111111111111111 | TokenzQdBNbLqP5VEhdkAS6EPFLC1PHnBqCXEpPxuEb | pfeeUxB6jkeY1Hxd7CsFCAjcbHA9rWtchMGdZ6VojVZ | spl-token | system,"[{""amount"": -12724522691346, ""decimals"": 6, ""mint"": ""He7815qydm2nqixRqfyo1hzTWDQSBjzPg5k8vdwKpump"", ""symbol"": null}]"
55PB376nxsrBLTZr1UdQSk6M89AxPif6oKmbmZmWq5dr,3Ze2VNDpqG8S4rabTNadGiWu1v2kTHeZLDnrhv7DFyJm1qt4no2J5Q7he1zjXsc8EX69gG2P1Npt5zrsnjTP7Kbu,1777605601,416792495,Success,pump_sell,0.85,0.949412993,solana_rpc,20000,matched Pump program id: 6EF8rrecthR5Dkzon8Nwu78hRvfCKubJ14M5uBEwF6P | wallet token balance changed | wallet SOL change: 0.949412993,11111111111111111111111111111111 | 6EF8rrecthR5Dkzon8Nwu78hRvfCKubJ14M5uBEwF6P | ComputeBudget111111111111111111111111111111 | TokenzQdBNbLqP5VEhdkAS6EPFLC1PHnBqCXEpPxuEb | pfeeUxB6jkeY1Hxd7CsFCAjcbHA9rWtchMGdZ6VojVZ | spl-token | system,"[{""amount"": -10126949536466, ""decimals"": 6, ""mint"": ""EJV2ACyuaUv9ic8AjMLwazu58dGZKDZ7YvKXfEuNpump"", ""symbol"": null}]"
55PB376nxsrBLTZr1UdQSk6M89AxPif6oKmbmZmWq5dr,5JxB5Gr9CpmWBd2WabkM4TwzwuxMds1tKRhXnYek751Uxva75xNmh4R1i1UWdbnrZVWP6WSLjdobdzUKocjChb2W,1777605614,416792527,Success,pump_sell,0.85,0.105185656,solana_rpc,20000,matched Pump program id: 6EF8rrecthR5Dkzon8Nwu78hRvfCKubJ14M5uBEwF6P | wallet token balance changed | wallet SOL change: 0.105185656,11111111111111111111111111111111 | 6EF8rrecthR5Dkzon8Nwu78hRvfCKubJ14M5uBEwF6P | ComputeBudget111111111111111111111111111111 | TokenzQdBNbLqP5VEhdkAS6EPFLC1PHnBqCXEpPxuEb | pfeeUxB6jkeY1Hxd7CsFCAjcbHA9rWtchMGdZ6VojVZ | spl-token | system,"[{""amount"": -1482988143847, ""decimals"": 6, ""mint"": ""EdHbom9R3qUw6zJ2F8WNGuvHQZSHbxaEhRRYvaLApump"", ""symbol"": null}]"
55PB376nxsrBLTZr1UdQSk6M89AxPif6oKmbmZmWq5dr,4vt4hYa7bdpLYEJ2rL4jTH9iuDjJENokGWM4eNBcesJHPTHCLR52jmGEqJApvzA42RkAVAR7iJdQfTf8krWxQQ9H,1777605717,416792784,Success,pump_sell,0.85,0.090260702,solana_rpc,20000,matched Pump program id: 6EF8rrecthR5Dkzon8Nwu78hRvfCKubJ14M5uBEwF6P | wallet token balance changed | wallet SOL change: 0.090260702,11111111111111111111111111111111 | 6EF8rrecthR5Dkzon8Nwu78hRvfCKubJ14M5uBEwF6P | ComputeBudget111111111111111111111111111111 | TokenzQdBNbLqP5VEhdkAS6EPFLC1PHnBqCXEpPxuEb | pfeeUxB6jkeY1Hxd7CsFCAjcbHA9rWtchMGdZ6VojVZ | spl-token | system,"[{""amount"": -1448574334056, ""decimals"": 6, ""mint"": ""EQALo55E16Vx3wuCfDEEahcfN3KXgZpy8aryt6sMpump"", ""symbol"": null}]"
55PB376nxsrBLTZr1UdQSk6M89AxPif6oKmbmZmWq5dr,5GPYmqauBsf6SFt8s9WzpQwZ3skyMHXC4y95QrxmrgiAuBhagx2kxHpWFNuGds4cAwfHs3iGTahW9FuF7Zd11o5d,1777605782,416792950,Success,pump_sell,0.85,0.541664143,solana_rpc,20000,matched Pump program id: 6EF8rrecthR5Dkzon8Nwu78hRvfCKubJ14M5uBEwF6P | wallet token balance changed | wallet SOL change: 0.541664143,11111111111111111111111111111111 | 6EF8rrecthR5Dkzon8Nwu78hRvfCKubJ14M5uBEwF6P | ComputeBudget111111111111111111111111111111 | TokenzQdBNbLqP5VEhdkAS6EPFLC1PHnBqCXEpPxuEb | pfeeUxB6jkeY1Hxd7CsFCAjcbHA9rWtchMGdZ6VojVZ | spl-token | system,"[{""amount"": -14144114300419, ""decimals"": 6, ""mint"": ""C5s1X3a2rCgaF1hudfRSwHgvV3y4wiLfdPfc9ZKtpump"", ""symbol"": null}]"
55PB376nxsrBLTZr1UdQSk6M89AxPif6oKmbmZmWq5dr,4cL5yBqmNUgA69K6BCoPbUzzMzRLN76hV8jAff95JQLF4SyP2x3SJn5cwwfD1CWC4MrVZ2GsUrPVmUrcA4coyDWA,1777605943,416793363,Success,pump_sell,0.85,0.455127091,solana_rpc,20000,matched Pump program id: 6EF8rrecthR5Dkzon8Nwu78hRvfCKubJ14M5uBEwF6P | wallet token balance changed | wallet SOL change: 0.455127091,11111111111111111111111111111111 | 6EF8rrecthR5Dkzon8Nwu78hRvfCKubJ14M5uBEwF6P | ComputeBudget111111111111111111111111111111 | TokenzQdBNbLqP5VEhdkAS6EPFLC1PHnBqCXEpPxuEb | pfeeUxB6jkeY1Hxd7CsFCAjcbHA9rWtchMGdZ6VojVZ | spl-token | system,"[{""amount"": -4974788482591, ""decimals"": 6, ""mint"": ""7DxqaCF6mnPvTuWQJjt3Gn4yjvpXE6ysjxDpdmwxpump"", ""symbol"": null}]"
55PB376nxsrBLTZr1UdQSk6M89AxPif6oKmbmZmWq5dr,3nxyatwPP8sDUFHCAH4T5mBPifYQc9X92vzemssar2ZFuXkuw9tHcuHcZ8BddgC3jPxhSDYNX82fo4Xua3QjcAwL,1777606612,416795044,Success,pump_sell,0.85,0.510071602,solana_rpc,20000,matched Pump program id: 6EF8rrecthR5Dkzon8Nwu78hRvfCKubJ14M5uBEwF6P | wallet token balance changed | wallet SOL change: 0.510071602,11111111111111111111111111111111 | 6EF8rrecthR5Dkzon8Nwu78hRvfCKubJ14M5uBEwF6P | ComputeBudget111111111111111111111111111111 | TokenzQdBNbLqP5VEhdkAS6EPFLC1PHnBqCXEpPxuEb | pfeeUxB6jkeY1Hxd7CsFCAjcbHA9rWtchMGdZ6VojVZ | spl-token | system,"[{""amount"": -7569744225427, ""decimals"": 6, ""mint"": ""CQYTnKGEGNu8Y29qHVRp3HHLW9vUycxEF5UD8FeKpump"", ""symbol"": null}]"
55PB376nxsrBLTZr1UdQSk6M89AxPif6oKmbmZmWq5dr,66XdsnzKkMC35ssTqtYkXPUHvH6ovUEcQ43qXEPsnnfyH8tXvug4eYSvBpdy2oj1qEi5Kqxc3NE1LmYwAoUTdAWM,1777606734,416795356,Success,pump_sell,0.85,0.611005931,solana_rpc,20000,matched Pump program id: 6EF8rrecthR5Dkzon8Nwu78hRvfCKubJ14M5uBEwF6P | wallet token balance changed | wallet SOL change: 0.611005931,11111111111111111111111111111111 | 6EF8rrecthR5Dkzon8Nwu78hRvfCKubJ14M5uBEwF6P | ComputeBudget111111111111111111111111111111 | TokenzQdBNbLqP5VEhdkAS6EPFLC1PHnBqCXEpPxuEb | pfeeUxB6jkeY1Hxd7CsFCAjcbHA9rWtchMGdZ6VojVZ | spl-token | system,"[{""amount"": -5998185561385, ""decimals"": 6, ""mint"": ""CQYTnKGEGNu8Y29qHVRp3HHLW9vUycxEF5UD8FeKpump"", ""symbol"": null}]"
55PB376nxsrBLTZr1UdQSk6M89AxPif6oKmbmZmWq5dr,dPYevjD2gMHnmpf35HbHpMt6NYapr39Gk8TuregKuMrgYS6CBC6fz5t2T2KcVuVxEFriVFjY5wUTsqS1FAAk6JR,1777607532,416797382,Success,pump_sell,0.85,0.412419436,solana_rpc,20000,matched Pump program id: 6EF8rrecthR5Dkzon8Nwu78hRvfCKubJ14M5uBEwF6P | wallet token balance changed | wallet SOL change: 0.412419436,11111111111111111111111111111111 | 6EF8rrecthR5Dkzon8Nwu78hRvfCKubJ14M5uBEwF6P | ComputeBudget111111111111111111111111111111 | TokenzQdBNbLqP5VEhdkAS6EPFLC1PHnBqCXEpPxuEb | pfeeUxB6jkeY1Hxd7CsFCAjcbHA9rWtchMGdZ6VojVZ | spl-token | system,"[{""amount"": -3595081568751, ""decimals"": 6, ""mint"": ""9T3zykmK1R9FT9HaV57PXcHauj7dSZ6TELZR4Kjmpump"", ""symbol"": null}]"
55PB376nxsrBLTZr1UdQSk6M89AxPif6oKmbmZmWq5dr,564tdH9VNBFckD6cVzpeAqSzeTRtomB1drUtCJdrX4Ca5myDAudkbfi2qGBZQaSf3nWG4gYkuvKgpEiEDDckS7Mo,1777607561,416797458,Success,pump_sell,0.85,0.663996646,solana_rpc,20000,matched Pump program id: 6EF8rrecthR5Dkzon8Nwu78hRvfCKubJ14M5uBEwF6P | wallet token balance changed | wallet SOL change: 0.663996646,11111111111111111111111111111111 | 6EF8rrecthR5Dkzon8Nwu78hRvfCKubJ14M5uBEwF6P | ComputeBudget111111111111111111111111111111 | TokenzQdBNbLqP5VEhdkAS6EPFLC1PHnBqCXEpPxuEb | pfeeUxB6jkeY1Hxd7CsFCAjcbHA9rWtchMGdZ6VojVZ | spl-token | system,"[{""amount"": -13242080063509, ""decimals"": 6, ""mint"": ""QkZ8azx2moWutaCUhrYkh6oQKB3hTFUSG5Uvffspump"", ""symbol"": null}]"
55PB376nxsrBLTZr1UdQSk6M89AxPif6oKmbmZmWq5dr,5BrfTVsngxtDmbNJjsNDHXyw2AdCZpKHUAxTBTzP6UPjKDhFhruXpRJzmqZdX1zNTJ9xY4828oZbVnw4XvvN6fmy,1777607628,416797624,Success,pump_sell,0.85,0.468122552,solana_rpc,20000,matched Pump program id: 6EF8rrecthR5Dkzon8Nwu78hRvfCKubJ14M5uBEwF6P | wallet token balance changed | wallet SOL change: 0.468122552,11111111111111111111111111111111 | 6EF8rrecthR5Dkzon8Nwu78hRvfCKubJ14M5uBEwF6P | ComputeBudget111111111111111111111111111111 | TokenzQdBNbLqP5VEhdkAS6EPFLC1PHnBqCXEpPxuEb | pfeeUxB6jkeY1Hxd7CsFCAjcbHA9rWtchMGdZ6VojVZ | spl-token | system,"[{""amount"": -3773904960974, ""decimals"": 6, ""mint"": ""9T3zykmK1R9FT9HaV57PXcHauj7dSZ6TELZR4Kjmpump"", ""symbol"": null}]"
55PB376nxsrBLTZr1UdQSk6M89AxPif6oKmbmZmWq5dr,3DKAhV3L81Q1bWMyXEaUJPXEgkeAK4Yr9pwWb78jb1pFQBk31o1dsBj2isSNgCf1SeU5tk3waxUCop6rX4aisWKW,1777607879,416798266,Success,pump_sell,0.85,0.55221225,solana_rpc,20000,matched Pump program id: 6EF8rrecthR5Dkzon8Nwu78hRvfCKubJ14M5uBEwF6P | wallet token balance changed | wallet SOL change: 0.552212250,11111111111111111111111111111111 | 6EF8rrecthR5Dkzon8Nwu78hRvfCKubJ14M5uBEwF6P | ComputeBudget111111111111111111111111111111 | TokenzQdBNbLqP5VEhdkAS6EPFLC1PHnBqCXEpPxuEb | pfeeUxB6jkeY1Hxd7CsFCAjcbHA9rWtchMGdZ6VojVZ | spl-token | system,"[{""amount"": -6689805086716, ""decimals"": 6, ""mint"": ""J9g3uo3KHKwLVyzjxiTAeNffWmt7JoybyoF1q2Hhpump"", ""symbol"": null}]"
55PB376nxsrBLTZr1UdQSk6M89AxPif6oKmbmZmWq5dr,sNcGEPgUsdLhK6LRBrxj2RRT6A91g2eeCTv6fsn8Q8EDGXXXPNuPriC8T2C6RfdV4zqzGsL2D9Zi7Txq9FAYQf8,1777608193,416799061,Success,pump_sell,0.85,0.312056633,solana_rpc,20000,matched Pump program id: 6EF8rrecthR5Dkzon8Nwu78hRvfCKubJ14M5uBEwF6P | wallet token balance changed | wallet SOL change: 0.312056633,11111111111111111111111111111111 | 6EF8rrecthR5Dkzon8Nwu78hRvfCKubJ14M5uBEwF6P | ComputeBudget111111111111111111111111111111 | TokenzQdBNbLqP5VEhdkAS6EPFLC1PHnBqCXEpPxuEb | pfeeUxB6jkeY1Hxd7CsFCAjcbHA9rWtchMGdZ6VojVZ | spl-token | system,"[{""amount"": -5408321985624, ""decimals"": 6, ""mint"": ""24LC1Kv92pD1x3CHMDjQwLkuVTZ156uH6zresjFFpump"", ""symbol"": null}]"
55PB376nxsrBLTZr1UdQSk6M89AxPif6oKmbmZmWq5dr,JBEQsznxG2L44mqnqWi3SKAznqYvLvJu1GeQ6qyKtrYGqyag6chji8g2WwBPi8J11nmPkvp3sEyxpUP6vqH7rVN,1777608316,416799367,Success,pump_sell,0.85,0.722837427,solana_rpc,20000,matched Pump program id: 6EF8rrecthR5Dkzon8Nwu78hRvfCKubJ14M5uBEwF6P | wallet token balance changed | wallet SOL change: 0.722837427,11111111111111111111111111111111 | 6EF8rrecthR5Dkzon8Nwu78hRvfCKubJ14M5uBEwF6P | ComputeBudget111111111111111111111111111111 | TokenzQdBNbLqP5VEhdkAS6EPFLC1PHnBqCXEpPxuEb | pfeeUxB6jkeY1Hxd7CsFCAjcbHA9rWtchMGdZ6VojVZ | spl-token | system,"[{""amount"": -6208789706390, ""decimals"": 6, ""mint"": ""H7o7PT7SzAFYn9FhmSo4N31zMHKPwbUFjK3B6nPxpump"", ""symbol"": null}]"
55PB376nxsrBLTZr1UdQSk6M89AxPif6oKmbmZmWq5dr,5MB3BmexGYwTFfJAaWdXSFMuk1ZSbF1FKSshtRcnBDchwwCBnzdmg534MetuFFUBaC2JpELZGAsBTw9PWiE5fS2w,1777609061,416801256,Success,pump_sell,0.85,0.481184625,solana_rpc,20000,matched Pump program id: 6EF8rrecthR5Dkzon8Nwu78hRvfCKubJ14M5uBEwF6P | wallet token balance changed | wallet SOL change: 0.481184625,11111111111111111111111111111111 | 6EF8rrecthR5Dkzon8Nwu78hRvfCKubJ14M5uBEwF6P | ComputeBudget111111111111111111111111111111 | TokenzQdBNbLqP5VEhdkAS6EPFLC1PHnBqCXEpPxuEb | pfeeUxB6jkeY1Hxd7CsFCAjcbHA9rWtchMGdZ6VojVZ | spl-token | system,"[{""amount"": -17089357852930, ""decimals"": 6, ""mint"": ""BFYkwYiK8b2a6gzspnfmKAUWwU9B4Y4MDsrQMnZapump"", ""symbol"": null}]"
55PB376nxsrBLTZr1UdQSk6M89AxPif6oKmbmZmWq5dr,58ZbABQQPjJM14z18DEXBAcPk9nuKzc871TYMPLq77cMj6uxqt5nUYjUaAfLqnFgsgfvVmP9MbN5dGzEHafVYayZ,1777609437,416802219,Success,pump_sell,0.85,0.49546928,solana_rpc,20000,matched Pump program id: 6EF8rrecthR5Dkzon8Nwu78hRvfCKubJ14M5uBEwF6P | wallet token balance changed | wallet SOL change: 0.495469280,11111111111111111111111111111111 | 6EF8rrecthR5Dkzon8Nwu78hRvfCKubJ14M5uBEwF6P | ComputeBudget111111111111111111111111111111 | TokenzQdBNbLqP5VEhdkAS6EPFLC1PHnBqCXEpPxuEb | pfeeUxB6jkeY1Hxd7CsFCAjcbHA9rWtchMGdZ6VojVZ | spl-token | system,"[{""amount"": -16886775053258, ""decimals"": 6, ""mint"": ""9fisMRbPhfzJQqUVWM1AStfRmktNxQMEa62hxDo5pump"", ""symbol"": null}]"
55PB376nxsrBLTZr1UdQSk6M89AxPif6oKmbmZmWq5dr,5Ep1vxFn9XFHCZhzmH6y2bDFGAtgnG6GUjxjUoFv5WKhYVjpHfBVsrUsow91jdG2p67YYkd3hEJpPLJxjYNTGX9i,1777609667,416802809,Success,pump_sell,0.85,0.509901185,solana_rpc,20000,matched Pump program id: 6EF8rrecthR5Dkzon8Nwu78hRvfCKubJ14M5uBEwF6P | wallet token balance changed | wallet SOL change: 0.509901185,11111111111111111111111111111111 | 6EF8rrecthR5Dkzon8Nwu78hRvfCKubJ14M5uBEwF6P | ComputeBudget111111111111111111111111111111 | TokenzQdBNbLqP5VEhdkAS6EPFLC1PHnBqCXEpPxuEb | pfeeUxB6jkeY1Hxd7CsFCAjcbHA9rWtchMGdZ6VojVZ | spl-token | system,"[{""amount"": -9709525782190, ""decimals"": 6, ""mint"": ""7LEQAhP247qAn4RQ2gQz7f2Vy9h1RTBrYpZR53Xypump"", ""symbol"": null}]"
55PB376nxsrBLTZr1UdQSk6M89AxPif6oKmbmZmWq5dr,4SqrP2BS6d19hNi6E6PhQ8HuqnTo4okHi9o7bB9632X9YoRFftAjVBrBWHqKx5992fUnxwoCViCzn52n3MVWfJG,1777609863,416803302,Success,pump_sell,0.85,0.660124016,solana_rpc,20000,matched Pump program id: 6EF8rrecthR5Dkzon8Nwu78hRvfCKubJ14M5uBEwF6P | wallet token balance changed | wallet SOL change: 0.660124016,11111111111111111111111111111111 | 6EF8rrecthR5Dkzon8Nwu78hRvfCKubJ14M5uBEwF6P | ComputeBudget111111111111111111111111111111 | TokenzQdBNbLqP5VEhdkAS6EPFLC1PHnBqCXEpPxuEb | pfeeUxB6jkeY1Hxd7CsFCAjcbHA9rWtchMGdZ6VojVZ | spl-token | system,"[{""amount"": -5848138304969, ""decimals"": 6, ""mint"": ""A5rP14CTa1YZ2RFz3PuLisDt5Amtb99JWXCXJPphpump"", ""symbol"": null}]"
55PB376nxsrBLTZr1UdQSk6M89AxPif6oKmbmZmWq5dr,5C6j5q3UkR6RHFTJJAy3mSVLHuZAHVvTRZvggqvNBJvrMBAc9BgVonPxfWRoCVCSo6FnsC4MPwbYkgfQkTfbvAxY,1777609964,416803556,Success,pump_sell,0.85,0.452061793,solana_rpc,20000,matched Pump program id: 6EF8rrecthR5Dkzon8Nwu78hRvfCKubJ14M5uBEwF6P | wallet token balance changed | wallet SOL change: 0.452061793,11111111111111111111111111111111 | 6EF8rrecthR5Dkzon8Nwu78hRvfCKubJ14M5uBEwF6P | ComputeBudget111111111111111111111111111111 | TokenzQdBNbLqP5VEhdkAS6EPFLC1PHnBqCXEpPxuEb | pfeeUxB6jkeY1Hxd7CsFCAjcbHA9rWtchMGdZ6VojVZ | spl-token | system,"[{""amount"": -3435395165332, ""decimals"": 6, ""mint"": ""MiFAEqb5LU4gxsKUWMTmr7rAjoKw64Uk9raTw26pump"", ""symbol"": null}]"
55PB376nxsrBLTZr1UdQSk6M89AxPif6oKmbmZmWq5dr,4pUm2Zwa7ft26Arr4XQ9k4vwPTWwwAa5eiYA8Ji3UH4mGxmARYt2kfNCqXiwdXiJv5JRj5eypjohLqkYDfJpE9kJ,1777610043,416803759,Success,pump_sell,0.85,0.424338347,solana_rpc,20000,matched Pump program id: 6EF8rrecthR5Dkzon8Nwu78hRvfCKubJ14M5uBEwF6P | wallet token balance changed | wallet SOL change: 0.424338347,11111111111111111111111111111111 | 6EF8rrecthR5Dkzon8Nwu78hRvfCKubJ14M5uBEwF6P | ComputeBudget111111111111111111111111111111 | TokenkegQfeZyiNwAJbNbGKPFXCWuBvf9Ss623VQ5DA | pfeeUxB6jkeY1Hxd7CsFCAjcbHA9rWtchMGdZ6VojVZ | spl-token | system,"[{""amount"": -2861976345472, ""decimals"": 6, ""mint"": ""CBLpK9s2RzRdpD4M1xrsm8nWQQqCo59kDRVyFtQmpump"", ""symbol"": null}]"
55PB376nxsrBLTZr1UdQSk6M89AxPif6oKmbmZmWq5dr,4XiicyKPpiCS4586MacZZaqDmrbrDm15fWTt12cWj6V87jwCDESWG6otfWmtLSbJhDg3XiX6LeE1tkepDmj2hCzA,1777610235,416804237,Success,pump_sell,0.85,0.526441718,solana_rpc,20000,matched Pump program id: 6EF8rrecthR5Dkzon8Nwu78hRvfCKubJ14M5uBEwF6P | wallet token balance changed | wallet SOL change: 0.526441718,11111111111111111111111111111111 | 6EF8rrecthR5Dkzon8Nwu78hRvfCKubJ14M5uBEwF6P | ComputeBudget111111111111111111111111111111 | TokenzQdBNbLqP5VEhdkAS6EPFLC1PHnBqCXEpPxuEb | pfeeUxB6jkeY1Hxd7CsFCAjcbHA9rWtchMGdZ6VojVZ | spl-token | system,"[{""amount"": -16195209940067, ""decimals"": 6, ""mint"": ""7n3tKCurzjrQ9ica4G5Kf789KVymmH6bbHSKtNtWpump"", ""symbol"": null}]"
55PB376nxsrBLTZr1UdQSk6M89AxPif6oKmbmZmWq5dr,3UKcDRRP3ZxSMPAx6xb71n5f3uEfpsgrXzi7XNh4xDa3R4EwYgR7PgFjid2wA8ehpmV5ULYb3th2EE3AhZ7mEScK,1777611060,416806330,Success,pump_sell,0.85,0.527383525,solana_rpc,20000,matched Pump program id: 6EF8rrecthR5Dkzon8Nwu78hRvfCKubJ14M5uBEwF6P | wallet token balance changed | wallet SOL change: 0.527383525,11111111111111111111111111111111 | 6EF8rrecthR5Dkzon8Nwu78hRvfCKubJ14M5uBEwF6P | ComputeBudget111111111111111111111111111111 | TokenzQdBNbLqP5VEhdkAS6EPFLC1PHnBqCXEpPxuEb | pfeeUxB6jkeY1Hxd7CsFCAjcbHA9rWtchMGdZ6VojVZ | spl-token | system,"[{""amount"": -7760871620389, ""decimals"": 6, ""mint"": ""3NdbKUzQ9pZY3ubFHaiAsnokXWEfLy9cWX3Mi1uMpump"", ""symbol"": null}]"
55PB376nxsrBLTZr1UdQSk6M89AxPif6oKmbmZmWq5dr,cpF4fwQXGbr8g75TvPFXYnoLZzxoaw1oQ9hCi6qNy5erCsNq6Fx19mmAuSk4rDaGSDZGNukKmU4NAU5zU2i4WPK,1777612614,416810261,Success,pump_sell,0.85,0.405794977,solana_rpc,20000,matched Pump program id: 6EF8rrecthR5Dkzon8Nwu78hRvfCKubJ14M5uBEwF6P | wallet token balance changed | wallet SOL change: 0.405794977,11111111111111111111111111111111 | 6EF8rrecthR5Dkzon8Nwu78hRvfCKubJ14M5uBEwF6P | ComputeBudget111111111111111111111111111111 | TokenzQdBNbLqP5VEhdkAS6EPFLC1PHnBqCXEpPxuEb | pfeeUxB6jkeY1Hxd7CsFCAjcbHA9rWtchMGdZ6VojVZ | spl-token | system,"[{""amount"": -6891652066856, ""decimals"": 6, ""mint"": ""dGUZGWMbd597oAAo79Thj3BUvNZxJE66BTeRRD4pump"", ""symbol"": null}]"
55PB376nxsrBLTZr1UdQSk6M89AxPif6oKmbmZmWq5dr,5Y18mALT6CL9gfxR1rz9BodvGuajRrcdArNqAotArm5os167GakGqcqBYuEht19cF8KXp7brZNW88Jyixz8wz7bN,1777613162,416811650,Success,pump_sell,0.85,0.498357901,solana_rpc,20000,matched Pump program id: 6EF8rrecthR5Dkzon8Nwu78hRvfCKubJ14M5uBEwF6P | wallet token balance changed | wallet SOL change: 0.498357901,11111111111111111111111111111111 | 6EF8rrecthR5Dkzon8Nwu78hRvfCKubJ14M5uBEwF6P | ComputeBudget111111111111111111111111111111 | TokenzQdBNbLqP5VEhdkAS6EPFLC1PHnBqCXEpPxuEb | pfeeUxB6jkeY1Hxd7CsFCAjcbHA9rWtchMGdZ6VojVZ | spl-token | system,"[{""amount"": -5642078131433, ""decimals"": 6, ""mint"": ""75UyukCxDAnkhAUiDRpAo9euS4cdTq9CkpRzXqmQpump"", ""symbol"": null}]"
55PB376nxsrBLTZr1UdQSk6M89AxPif6oKmbmZmWq5dr,5Go4hCzxeavyjx8wGK2hTuxLBK5Bs1pmnWa3673QVNA7SUfGkFPxQmJo7DNzRJic2Gz1EUtY7iMvtZqicWHNGZzs,1777613681,416812962,Success,pump_sell,0.85,0.278837592,solana_rpc,20000,matched Pump program id: 6EF8rrecthR5Dkzon8Nwu78hRvfCKubJ14M5uBEwF6P | wallet token balance changed | wallet SOL change: 0.278837592,11111111111111111111111111111111 | 6EF8rrecthR5Dkzon8Nwu78hRvfCKubJ14M5uBEwF6P | ComputeBudget111111111111111111111111111111 | TokenzQdBNbLqP5VEhdkAS6EPFLC1PHnBqCXEpPxuEb | pfeeUxB6jkeY1Hxd7CsFCAjcbHA9rWtchMGdZ6VojVZ | spl-token | system,"[{""amount"": -8428905804198, ""decimals"": 6, ""mint"": ""DsBg2TJfULBHD7HF7JVYZmU42Bixo4o9qrakvp4jpump"", ""symbol"": null}]"
55PB376nxsrBLTZr1UdQSk6M89AxPif6oKmbmZmWq5dr,5MS1XZxExZj8wR2oXHUk4KuEsaEFVg2upG5U8hjTEXU1jSx3X7DF9JGPvQ68phoEPjkfED3E7kLoyWSRcYwDLAh4,1777614864,416815960,Success,pump_sell,0.85,0.54623465,solana_rpc,20000,matched Pump program id: 6EF8rrecthR5Dkzon8Nwu78hRvfCKubJ14M5uBEwF6P | wallet token balance changed | wallet SOL change: 0.546234650,11111111111111111111111111111111 | 6EF8rrecthR5Dkzon8Nwu78hRvfCKubJ14M5uBEwF6P | ComputeBudget111111111111111111111111111111 | TokenzQdBNbLqP5VEhdkAS6EPFLC1PHnBqCXEpPxuEb | pfeeUxB6jkeY1Hxd7CsFCAjcbHA9rWtchMGdZ6VojVZ | spl-token | system,"[{""amount"": -7541370041023, ""decimals"": 6, ""mint"": ""3NKmFHZZuPz7AfR98Q4VXLtXyM1sh1XLtjZwtnecpump"", ""symbol"": null}]"
55PB376nxsrBLTZr1UdQSk6M89AxPif6oKmbmZmWq5dr,3yKeYSE5N1u5G2jq21nfxHW85oajWLTx4PRardhQ1ABZ9vB3pNSt8oRL1LjPL4Kovw8CQDUf7gQrNdHWyrmPDjTz,1777615472,416817516,Success,pump_sell,0.85,0.408293986,solana_rpc,20000,matched Pump program id: 6EF8rrecthR5Dkzon8Nwu78hRvfCKubJ14M5uBEwF6P | wallet token balance changed | wallet SOL change: 0.408293986,11111111111111111111111111111111 | 6EF8rrecthR5Dkzon8Nwu78hRvfCKubJ14M5uBEwF6P | ComputeBudget111111111111111111111111111111 | TokenzQdBNbLqP5VEhdkAS6EPFLC1PHnBqCXEpPxuEb | pfeeUxB6jkeY1Hxd7CsFCAjcbHA9rWtchMGdZ6VojVZ | spl-token | system,"[{""amount"": -14472926051903, ""decimals"": 6, ""mint"": ""AjGNSy5HbKK3crurbU4TBu3FgEUhSEhPgKoDT4f6pump"", ""symbol"": null}]"
55PB376nxsrBLTZr1UdQSk6M89AxPif6oKmbmZmWq5dr,41Jn6RqPs2B4KfR5Yb1UWD5Q4vv5u8Bd8aWdQT52ehdqBBFVZSzB9xgB5QLj7K7rdWoAzFv7V6qWUwcUrDXcQLFm,1777615648,416817952,Success,pump_sell,0.85,0.462800696,solana_rpc,20000,matched Pump program id: 6EF8rrecthR5Dkzon8Nwu78hRvfCKubJ14M5uBEwF6P | wallet token balance changed | wallet SOL change: 0.462800696,11111111111111111111111111111111 | 6EF8rrecthR5Dkzon8Nwu78hRvfCKubJ14M5uBEwF6P | ComputeBudget111111111111111111111111111111 | TokenzQdBNbLqP5VEhdkAS6EPFLC1PHnBqCXEpPxuEb | pfeeUxB6jkeY1Hxd7CsFCAjcbHA9rWtchMGdZ6VojVZ | spl-token | system,"[{""amount"": -7928578647210, ""decimals"": 6, ""mint"": ""2LygJAoS26geswH1pkGLrLBqdeX6rqXZn8kMxgcHpump"", ""symbol"": null}]"
55PB376nxsrBLTZr1UdQSk6M89AxPif6oKmbmZmWq5dr,4YoWWSMRpyqMQBaKXoG9aYHGckhDQLutsf5Gzq5EHvBAcEobTud71QxB6hF17vC32sWocRZTVCFDqHYW34RLHxNM,1777615704,416818096,Success,pump_sell,0.85,0.608987397,solana_rpc,20000,matched Pump program id: 6EF8rrecthR5Dkzon8Nwu78hRvfCKubJ14M5uBEwF6P | wallet token balance changed | wallet SOL change: 0.608987397,11111111111111111111111111111111 | 6EF8rrecthR5Dkzon8Nwu78hRvfCKubJ14M5uBEwF6P | ComputeBudget111111111111111111111111111111 | TokenzQdBNbLqP5VEhdkAS6EPFLC1PHnBqCXEpPxuEb | pfeeUxB6jkeY1Hxd7CsFCAjcbHA9rWtchMGdZ6VojVZ | spl-token | system,"[{""amount"": -9270075019436, ""decimals"": 6, ""mint"": ""dcM4Czn1PXetC5R5CxK54biPuTha6nYim3ypb2fpump"", ""symbol"": null}]"
55PB376nxsrBLTZr1UdQSk6M89AxPif6oKmbmZmWq5dr,2cQWiJL6yrH8AXvb7nT4HLSiKgVoPzMGAM7JqWCL9uw1ec7JjPWWneFdL3zjnTY8fsd5LH9Qy6k71nCqU2vrJDjx,1777616250,416819471,Success,pump_sell,0.85,0.466766704,solana_rpc,20000,matched Pump program id: 6EF8rrecthR5Dkzon8Nwu78hRvfCKubJ14M5uBEwF6P | wallet token balance changed | wallet SOL change: 0.466766704,11111111111111111111111111111111 | 6EF8rrecthR5Dkzon8Nwu78hRvfCKubJ14M5uBEwF6P | ComputeBudget111111111111111111111111111111 | TokenzQdBNbLqP5VEhdkAS6EPFLC1PHnBqCXEpPxuEb | pfeeUxB6jkeY1Hxd7CsFCAjcbHA9rWtchMGdZ6VojVZ | spl-token | system,"[{""amount"": -13139712571357, ""decimals"": 6, ""mint"": ""919tS7G5B4d6JerPxhkSNhBYRaZxwwvCGRPwQMnApump"", ""symbol"": null}]"
55PB376nxsrBLTZr1UdQSk6M89AxPif6oKmbmZmWq5dr,4FAFvSTmCTEMg9GTuqTpdeVvuBg9mGXYdV3f1uzsENY6C4njhq2spxzX8E3LskFxmrLT7Vi11uXM3pHkMPQs6QEP,1777616456,416820000,Success,pump_sell,0.85,0.59945777,solana_rpc,20000,matched Pump program id: 6EF8rrecthR5Dkzon8Nwu78hRvfCKubJ14M5uBEwF6P | wallet token balance changed | wallet SOL change: 0.599457770,11111111111111111111111111111111 | 6EF8rrecthR5Dkzon8Nwu78hRvfCKubJ14M5uBEwF6P | ComputeBudget111111111111111111111111111111 | TokenzQdBNbLqP5VEhdkAS6EPFLC1PHnBqCXEpPxuEb | pfeeUxB6jkeY1Hxd7CsFCAjcbHA9rWtchMGdZ6VojVZ | spl-token | system,"[{""amount"": -14710680315690, ""decimals"": 6, ""mint"": ""919tS7G5B4d6JerPxhkSNhBYRaZxwwvCGRPwQMnApump"", ""symbol"": null}]"
55PB376nxsrBLTZr1UdQSk6M89AxPif6oKmbmZmWq5dr,2shSxvdbgzMYBhg3JRjzWizY7Sh3frmkYoZBcUHFDRnJNx98fDjy8bnyDHTjnLrzYFcEZNMVKfGNtr6C8xp7foam,1777616514,416820150,Success,pump_sell,0.85,0.488130192,solana_rpc,20000,matched Pump program id: 6EF8rrecthR5Dkzon8Nwu78hRvfCKubJ14M5uBEwF6P | wallet token balance changed | wallet SOL change: 0.488130192,11111111111111111111111111111111 | 6EF8rrecthR5Dkzon8Nwu78hRvfCKubJ14M5uBEwF6P | ComputeBudget111111111111111111111111111111 | TokenzQdBNbLqP5VEhdkAS6EPFLC1PHnBqCXEpPxuEb | pfeeUxB6jkeY1Hxd7CsFCAjcbHA9rWtchMGdZ6VojVZ | spl-token | system,"[{""amount"": -13806624221112, ""decimals"": 6, ""mint"": ""Evb3ZLPwSR9hTDeanz2U6xRfdqJuns5Dce3EBQcbpump"", ""symbol"": null}]"
55PB376nxsrBLTZr1UdQSk6M89AxPif6oKmbmZmWq5dr,3g3vgWaV6k4BRHuwwpgbyvoMaYtLtsUt7drfNmn4fZDfGXzvGkG3gp3brxyXqb7wJLE2NzzaWDtUcE8KxWLTgiDn,1777616679,416820574,Success,pump_sell,0.85,0.476805699,solana_rpc,20000,matched Pump program id: 6EF8rrecthR5Dkzon8Nwu78hRvfCKubJ14M5uBEwF6P | wallet token balance changed | wallet SOL change: 0.476805699,11111111111111111111111111111111 | 6EF8rrecthR5Dkzon8Nwu78hRvfCKubJ14M5uBEwF6P | ComputeBudget111111111111111111111111111111 | TokenzQdBNbLqP5VEhdkAS6EPFLC1PHnBqCXEpPxuEb | pfeeUxB6jkeY1Hxd7CsFCAjcbHA9rWtchMGdZ6VojVZ | spl-token | system,"[{""amount"": -10505636603011, ""decimals"": 6, ""mint"": ""Becf5jmHjavyz6SgzeWyEzr8DLG8Z6jHKoiyno5Vpump"", ""symbol"": null}]"
55PB376nxsrBLTZr1UdQSk6M89AxPif6oKmbmZmWq5dr,oPhdwSV5vmX4RhyZirsSZx7s6DVWCUiPscxzqSdMK8oMGe16HzakFMfDsF8U6w7NyN49Vkj41k23bXpv4FXqYFg,1777618060,416824072,Success,pump_sell,0.85,0.563683085,solana_rpc,20000,matched Pump program id: 6EF8rrecthR5Dkzon8Nwu78hRvfCKubJ14M5uBEwF6P | wallet token balance changed | wallet SOL change: 0.563683085,11111111111111111111111111111111 | 6EF8rrecthR5Dkzon8Nwu78hRvfCKubJ14M5uBEwF6P | ComputeBudget111111111111111111111111111111 | TokenzQdBNbLqP5VEhdkAS6EPFLC1PHnBqCXEpPxuEb | pfeeUxB6jkeY1Hxd7CsFCAjcbHA9rWtchMGdZ6VojVZ | spl-token | system,"[{""amount"": -6755652371689, ""decimals"": 6, ""mint"": ""8uX3K3LPc5gZ2SNWaBw4ux2GqiwJB21Pmrnjbhh6pump"", ""symbol"": null}]"
55PB376nxsrBLTZr1UdQSk6M89AxPif6oKmbmZmWq5dr,3TmkRLwnYbGDtnzCAkLBatvQKJ1eYNnfESYx3L8iw1nFdoZCACEogSpqVew56QW5pzF9szqoQLZWLkpQA5BhgvAx,1777618313,416824717,Success,pump_sell,0.85,0.360106647,solana_rpc,20000,matched Pump program id: 6EF8rrecthR5Dkzon8Nwu78hRvfCKubJ14M5uBEwF6P | wallet token balance changed | wallet SOL change: 0.360106647,11111111111111111111111111111111 | 6EF8rrecthR5Dkzon8Nwu78hRvfCKubJ14M5uBEwF6P | ComputeBudget111111111111111111111111111111 | TokenzQdBNbLqP5VEhdkAS6EPFLC1PHnBqCXEpPxuEb | pfeeUxB6jkeY1Hxd7CsFCAjcbHA9rWtchMGdZ6VojVZ | spl-token | system,"[{""amount"": -9614395111822, ""decimals"": 6, ""mint"": ""5xMNDZzuFvcoBjZraafkRZ3vPxAPYpXTL5dRjJQQpump"", ""symbol"": null}]"
55PB376nxsrBLTZr1UdQSk6M89AxPif6oKmbmZmWq5dr,3xENz4AW48pokMH3C5i9xps4ZRvpXzZf6SzZtwXqdasnurAZjwAdqaZJZsQEGXFLrsBhbpPS5ZwaP93fouiu5Yd8,1777618341,416824786,Success,pump_sell,0.85,0.46694657,solana_rpc,20000,matched Pump program id: 6EF8rrecthR5Dkzon8Nwu78hRvfCKubJ14M5uBEwF6P | wallet token balance changed | wallet SOL change: 0.466946570,11111111111111111111111111111111 | 6EF8rrecthR5Dkzon8Nwu78hRvfCKubJ14M5uBEwF6P | ComputeBudget111111111111111111111111111111 | TokenzQdBNbLqP5VEhdkAS6EPFLC1PHnBqCXEpPxuEb | pfeeUxB6jkeY1Hxd7CsFCAjcbHA9rWtchMGdZ6VojVZ | spl-token | system,"[{""amount"": -12159836111484, ""decimals"": 6, ""mint"": ""5xMNDZzuFvcoBjZraafkRZ3vPxAPYpXTL5dRjJQQpump"", ""symbol"": null}]"
55PB376nxsrBLTZr1UdQSk6M89AxPif6oKmbmZmWq5dr,U7ZrcZhnfir2NK8a1GzJG5p19vLniikQwPdPQce14Re83x42hirb1rtwDoohGHeXE5FsBeNWyF7mdYCPRLuyAka,1777618571,416825364,Success,pump_sell,0.85,0.479003495,solana_rpc,20000,matched Pump program id: 6EF8rrecthR5Dkzon8Nwu78hRvfCKubJ14M5uBEwF6P | wallet token balance changed | wallet SOL change: 0.479003495,11111111111111111111111111111111 | 6EF8rrecthR5Dkzon8Nwu78hRvfCKubJ14M5uBEwF6P | ComputeBudget111111111111111111111111111111 | TokenzQdBNbLqP5VEhdkAS6EPFLC1PHnBqCXEpPxuEb | pfeeUxB6jkeY1Hxd7CsFCAjcbHA9rWtchMGdZ6VojVZ | spl-token | system,"[{""amount"": -8527235746941, ""decimals"": 6, ""mint"": ""5vxbQPg7h3aNTjS1NigbW19pQgU3EYKtasrnBz8Kpump"", ""symbol"": null}]"
55PB376nxsrBLTZr1UdQSk6M89AxPif6oKmbmZmWq5dr,3fABUPdq8soo9d7XugZz4DKRMSv9P8NURFuWZWPY5aeeRGB8GpmEZ37drp1J9q8TCueNfC5wvmPcJL1CNdzEhSFk,1777620271,416829657,Success,pump_buy,0.85,-0.647301496,solana_rpc,295025,matched Pump program id: 6EF8rrecthR5Dkzon8Nwu78hRvfCKubJ14M5uBEwF6P | wallet token balance changed | wallet SOL change: -0.647301496,11111111111111111111111111111111 | 6EF8rrecthR5Dkzon8Nwu78hRvfCKubJ14M5uBEwF6P | ComputeBudget111111111111111111111111111111 | EjJmdPATAPvkeF5H4MqWpeE6oRC3ZXJS54b33wE2XrH2 | TokenzQdBNbLqP5VEhdkAS6EPFLC1PHnBqCXEpPxuEb | pfeeUxB6jkeY1Hxd7CsFCAjcbHA9rWtchMGdZ6VojVZ | spl-token | system,"[{""amount"": 16451975206929, ""decimals"": 6, ""mint"": ""AB9MAtuAhWM6joeDj78NmTyFsTbSJGXnyKEtU7pNpump"", ""symbol"": null}]"
55PB376nxsrBLTZr1UdQSk6M89AxPif6oKmbmZmWq5dr,628BkTmrEhPzcsLMJBKMxBt4cnP3xVB4pcDp7LdnTEUnTckhVTX3Rk54Cen6mmCNGfPKZT4xJ5xqKr1Naq77suFU,1777620310,416829758,Success,pump_sell,0.85,0.553991661,solana_rpc,20000,matched Pump program id: 6EF8rrecthR5Dkzon8Nwu78hRvfCKubJ14M5uBEwF6P | wallet token balance changed | wallet SOL change: 0.553991661,11111111111111111111111111111111 | 6EF8rrecthR5Dkzon8Nwu78hRvfCKubJ14M5uBEwF6P | ComputeBudget111111111111111111111111111111 | TokenzQdBNbLqP5VEhdkAS6EPFLC1PHnBqCXEpPxuEb | pfeeUxB6jkeY1Hxd7CsFCAjcbHA9rWtchMGdZ6VojVZ | spl-token | system,"[{""amount"": -16451975206929, ""decimals"": 6, ""mint"": ""AB9MAtuAhWM6joeDj78NmTyFsTbSJGXnyKEtU7pNpump"", ""symbol"": null}]"
55PB376nxsrBLTZr1UdQSk6M89AxPif6oKmbmZmWq5dr,YBVJCiN8Yo7JT6CVC5x5txTazrTZ4tWeKnKcL3kwrhKJ9uGPPSJhmve4DVWU7mWW6LUKdi1ixhebJnYiMFW2Xoi,1777620751,416830891,Success,pump_buy,0.85,-0.544789508,solana_rpc,295025,matched Pump program id: 6EF8rrecthR5Dkzon8Nwu78hRvfCKubJ14M5uBEwF6P | wallet token balance changed | wallet SOL change: -0.544789508,11111111111111111111111111111111 | 6EF8rrecthR5Dkzon8Nwu78hRvfCKubJ14M5uBEwF6P | ComputeBudget111111111111111111111111111111 | EjJmdPATAPvkeF5H4MqWpeE6oRC3ZXJS54b33wE2XrH2 | TokenzQdBNbLqP5VEhdkAS6EPFLC1PHnBqCXEpPxuEb | pfeeUxB6jkeY1Hxd7CsFCAjcbHA9rWtchMGdZ6VojVZ | spl-token | system,"[{""amount"": 5070473471208, ""decimals"": 6, ""mint"": ""9xcpRrCQ7iYeSqzViFJupBnVaAYbY9jMBHyciAw6pump"", ""symbol"": null}]"
55PB376nxsrBLTZr1UdQSk6M89AxPif6oKmbmZmWq5dr,49hMPsf3oajRdMfdq5AATBh6gqRmmvWr6wnxFNPNsUm4b3kn81j8VMQHJLdrAaUbwJhQ3oaBKGByrE4RJcucPsMK,1777620768,416830931,Success,pump_buy,0.85,-0.474924524,solana_rpc,295025,matched Pump program id: 6EF8rrecthR5Dkzon8Nwu78hRvfCKubJ14M5uBEwF6P | wallet token balance changed | wallet SOL change: -0.474924524,11111111111111111111111111111111 | 6EF8rrecthR5Dkzon8Nwu78hRvfCKubJ14M5uBEwF6P | ComputeBudget111111111111111111111111111111 | EjJmdPATAPvkeF5H4MqWpeE6oRC3ZXJS54b33wE2XrH2 | TokenzQdBNbLqP5VEhdkAS6EPFLC1PHnBqCXEpPxuEb | pfeeUxB6jkeY1Hxd7CsFCAjcbHA9rWtchMGdZ6VojVZ | spl-token | system,"[{""amount"": 8493220793092, ""decimals"": 6, ""mint"": ""919tS7G5B4d6JerPxhkSNhBYRaZxwwvCGRPwQMnApump"", ""symbol"": null}]"
55PB376nxsrBLTZr1UdQSk6M89AxPif6oKmbmZmWq5dr,5to8BpCm1cqS9ThggRMzFfrYz2Da8jVsvBqyMKJQXrxHzj7HFL7PdAFSfvCHj5KLUyUbGX3MVjL8opfr8a1hPo4q,1777620781,416830966,Success,pump_sell,0.85,0.39660704,solana_rpc,20000,matched Pump program id: 6EF8rrecthR5Dkzon8Nwu78hRvfCKubJ14M5uBEwF6P | wallet token balance changed | wallet SOL change: 0.396607040,11111111111111111111111111111111 | 6EF8rrecthR5Dkzon8Nwu78hRvfCKubJ14M5uBEwF6P | ComputeBudget111111111111111111111111111111 | TokenzQdBNbLqP5VEhdkAS6EPFLC1PHnBqCXEpPxuEb | pfeeUxB6jkeY1Hxd7CsFCAjcbHA9rWtchMGdZ6VojVZ | spl-token | system,"[{""amount"": -5070473471208, ""decimals"": 6, ""mint"": ""9xcpRrCQ7iYeSqzViFJupBnVaAYbY9jMBHyciAw6pump"", ""symbol"": null}]"
55PB376nxsrBLTZr1UdQSk6M89AxPif6oKmbmZmWq5dr,5vEGxDDC9izxavbxmyp4ZrVztaz2ZkAtgdfj1WFcNqYBx31bpZGZhHDGVzZyfQ4pqDL7iJKktHJgoXoynrmvb3g6,1777620783,416830969,Success,pump_buy,0.85,-0.644072754,solana_rpc,295025,matched Pump program id: 6EF8rrecthR5Dkzon8Nwu78hRvfCKubJ14M5uBEwF6P | wallet token balance changed | wallet SOL change: -0.644072754,11111111111111111111111111111111 | 6EF8rrecthR5Dkzon8Nwu78hRvfCKubJ14M5uBEwF6P | ComputeBudget111111111111111111111111111111 | EjJmdPATAPvkeF5H4MqWpeE6oRC3ZXJS54b33wE2XrH2 | TokenzQdBNbLqP5VEhdkAS6EPFLC1PHnBqCXEpPxuEb | pfeeUxB6jkeY1Hxd7CsFCAjcbHA9rWtchMGdZ6VojVZ | spl-token | system,"[{""amount"": 8445370098630, ""decimals"": 6, ""mint"": ""5DyqN3AJMfwPtX9Vw6pvyLxH8tkFS2a1AtdVDmXPpump"", ""symbol"": null}]"
55PB376nxsrBLTZr1UdQSk6M89AxPif6oKmbmZmWq5dr,5XGXLADQNumELcznDePBvwNwpzLi3qfoYHSwEpV1LsGVAFLPp6XuxdhUGvkGPSHXHLjocM6rsmqWrHTiXvRs89ih,1777620811,416831041,Success,pump_sell,0.85,0.46165554,solana_rpc,20000,matched Pump program id: 6EF8rrecthR5Dkzon8Nwu78hRvfCKubJ14M5uBEwF6P | wallet token balance changed | wallet SOL change: 0.461655540,11111111111111111111111111111111 | 6EF8rrecthR5Dkzon8Nwu78hRvfCKubJ14M5uBEwF6P | ComputeBudget111111111111111111111111111111 | TokenzQdBNbLqP5VEhdkAS6EPFLC1PHnBqCXEpPxuEb | pfeeUxB6jkeY1Hxd7CsFCAjcbHA9rWtchMGdZ6VojVZ | spl-token | system,"[{""amount"": -8493220793092, ""decimals"": 6, ""mint"": ""919tS7G5B4d6JerPxhkSNhBYRaZxwwvCGRPwQMnApump"", ""symbol"": null}]"
55PB376nxsrBLTZr1UdQSk6M89AxPif6oKmbmZmWq5dr,28JnkDBHziKSC6TkmkNSsYWAjHJ1zgG8xtVGadj2DyB3iboJAd8x3HkD8r8xCyykMj3c2cmsbT92txV5d6A6iabV,1777620823,416831071,Success,pump_sell,0.85,0.718227566,solana_rpc,20000,matched Pump program id: 6EF8rrecthR5Dkzon8Nwu78hRvfCKubJ14M5uBEwF6P | wallet token balance changed | wallet SOL change: 0.718227566,11111111111111111111111111111111 | 6EF8rrecthR5Dkzon8Nwu78hRvfCKubJ14M5uBEwF6P | ComputeBudget111111111111111111111111111111 | TokenzQdBNbLqP5VEhdkAS6EPFLC1PHnBqCXEpPxuEb | pfeeUxB6jkeY1Hxd7CsFCAjcbHA9rWtchMGdZ6VojVZ | spl-token | system,"[{""amount"": -8445370098630, ""decimals"": 6, ""mint"": ""5DyqN3AJMfwPtX9Vw6pvyLxH8tkFS2a1AtdVDmXPpump"", ""symbol"": null}]"
